Company Title,Department Name,Question
싸이버로지텍,백엔드개발자,알고리즘에 대해 많이 풀어 보는가요? 기억에 남는 것이 있었나요?
싸이버로지텍,백엔드개발자,자신을 한 단어로 표현해 보세요.
싸이버로지텍,백엔드개발자,제가 컵을 만들어달라고 할 건데 이 컵을 어떻게 만들지에 대해 질문해 보세요.
가비아,백엔드개발자,이전 직장들의 근속연수가 길지 않은 편인데 이유는 무엇인가?
가비아,백엔드개발자,PHP와 java의 차이점은 무엇인가?
가비아,웹개발자,(포트폴리오를 보고) 교내 경진대회 수상은 무슨 내용인가? 왜 수상했다고 생각했는가?
가비아,웹개발자,Kotlin으로 언어를 바꾼 것인가?
가비아,웹개발자,api통신은 왜 느린가?
가비아,개발,가비아를 자신의 친구들에게 소개시켜준다면 어떻게 소개시켜줄 것인가?
가비아,개발,가비아에 대해서 어떻게 알게 되었는가?
가비아,개발,기비아의 핵심사업에 대해 설명해보시오.
가비아,보안관제,"보안관제 직무를 지원했는데, 왜 보안관제 직무를 희망하는지 이유를 말해보시오."
가비아,IT·기술영업,평소에 가족들과 대화를 많이 하는 편인가?
가비아,개발,"리눅스 명령어, 디렉토리, 스크립트를 어떤 용도로 사용할 것인가?"
가비아,개발,이 직무를 몇년 동안 할 것 같나요?
나이스피앤아이,백엔드개발자,보안 관련해서 우리한테 설명해주고 싶은 게 있나요?
KT,R&D·연구원,SDN 관련하여서 연구 경험이 있는데 이에 대해 좀 더 깊게 말씀해 주세요
KT,R&D·연구원,(전공관련질문) Telemetry가 어떤 용도로 사용되는가요?
KT,R&D·연구원,본인이 이곳에서 선호하는 직무가 있을까요?
KT,R&D·연구원,대학원 코스웍이 어떻게 되고 무엇을 배웠는가요?
KT,R&D·연구원,(꼬리질문) 무슨 과제였나요?
KT,R&D·연구원,새로운 프로그래밍 언어를 배워야 하는데 잘 배울 수 있을까요?
KT,R&D·연구원,"채용 공고를 봤을 때 우대사항과 기본자격 항목이 있는데, 본인은 거기서 어떤 강점과 약점이 있다고 생각하나요?"
KT,R&D·연구원,(꼬리질문) 그럼 새로운 분야를 배울 때 어떤 방법이 가장 도움 되나요?
KT,통신엔지니어,본인의 석사기간 연구 주제는 무엇이었나요?
KT,통신엔지니어,수행했던 연구과제가 지원 직무와 어떤 연관이 있나요?
KT,통신엔지니어,문제풀이 내용과 관련하여 답변의 근거는 무엇인가요?
KT,시스템엔지니어,힘든점은 없었나요?
KT,네트워크엔지니어,자신이 기여할 수 있는 부분이 어떤 부분이라고 생각하나요?
KT,네트워크엔지니어,우리 회사에 지원한 이유는?
KT,네트워크엔지니어,무모한 도전을 해본 적 있습니까?
KT,네트워크엔지니어,"자기소개서를 보면 좋게말하면 다재다능이지만, 돌려말하면 직무에 연관된 점은 적은데 이건 어떻게 생각하십니까?"
KT,화학엔지니어,AMI가 단순히 통신장비인가?
KT,IT,빅데이터에 관해 설명해봐라.
KT,IT,황금주파수가 무엇인가?
KT,IT,"show, olleh, qook이 뭔지 아느냐 설명해봐라."
KT,네트워크엔지니어,KT의 장점과 그렇게 말할 수 있는 근거를 대보세요. 또한 그러한 KT의 장점을 잘 살릴 수 있는 방안에 대해서 말해보세요.
KT,IT>TI 컨설팅,본인이 했던 인턴 경험이 해당 직무와 어떻게 관련이 있는지 말해보시오.
KT,IT>SW솔루션 개발,전공이 KT에 어떤 기여를 할 수 있는지 설명하시오.
KT,IT,"교환학생을 다녀왔는데, 왜 다녀왔는가?"
KT,IT,"이 프로젝트를 한 이유는? 거기서 본인이 한 역할은 무엇이며, 무엇을 배웠는가?"
KT,IT,케이티에 대해 구글링해서 나오는 것을 제외하고 알고있는 것
KT,IT/인터넷,미래 KT의 계획에 대한 생각은 무엇입니까?
KT,네트워크엔지니어,프로젝트 도중 팀원과 갈등 상황이 생겼을 때의 해결 방법을 말해보세요.
KT,네트워크엔지니어,"IoT가 다음 세대의 화두가 될 것이라 얘기했는데, 생각해 본 상품이 있나요?"
KT,네트워크엔지니어,"네트워크에서 오류 제어 방식 중 backward 방식과 forward 방식이 있는데, 두 가지에 대해 아는 대로 설명해보세요."
KT,네트워크엔지니어,자기소개서에 있는 내용 말고 다른 프로젝트를 하면서 겪었던 어려움이 있나요?
KT,네트워크엔지니어,"지원자가 소프트웨어 개발을 좋아하는 것 같은데, KT는 개발과는 거리가 좀 있는 편입니다. 알고 있나요?"
KT,R&D(연구개발),지원자는 리더와 묵묵히 일하는 팀원 중 어느 유형에 속하나요?
KT,R&D,어떤 언어를 통해서 개발을 하였는가?
KT,R&D,학교에서 과제를 진행하면서 리더를 하면 후배들이나 동료들에게 일을 시켜야 하는데 어떻게 시켰나? 시키는데 힘든점은 무엇이었는가? 어떻게 해결했는가?
KT,R&D,Controller와 Switch간의 연결은 어떤 식으로 하는가?
KT,IT-인터넷,대학원 과정이 자신의 목표인지 과정인지를 답해보시오
KT,IT-인터넷,리눅스 유닉스 로그인 설정파일은?
KT,IT-인터넷,셔츠를 왜 다려오지 않았는가?
KT,IT-인터넷,최근 가장 감명받은 것은?
KT,IT-인터넷,KT 5대 미래 융합과제를 써놓았는데 뭔지 알고 있는가?
KT,R&D,자기소개 부탁드립니다.
신한카드,웹개발자,grpc는 왜 사용했나요?
신한카드,웹개발자,평소 자바에서 널처리나 에러 처리를 위해 사용한 적이 있나요?
신한카드,정보통신.IT,상사가 말도 안되는 불가능한 업무를 시킨다면 어떻게 대처하겠습니까?
신한카드,정보통신.IT,TA 관점에서 정보보안을 고려한 시스템 설계를 해보세요.
카카오스타일,백엔드개발자,http method들의 목적을 말해주세요.
카카오스타일,백엔드개발자,Transaction의 격리 수준에 관한 질문
현대자동차,기계엔지니어,LPF 설계 팀원 몇 명이었고 무슨 역할이었나요?
현대자동차,기계엔지니어,해석 결과가 사실 실제랑 corelation이 안 될 때가 많은데 실제로 검증해본 경험은 없나요?
현대자동차,기계엔지니어,프로젝트를 진행하며 어려웠던점은 무엇인가요?
현대자동차,기계엔지니어,"현대차의 수소산업, 넥쏘차량에 대해 아는 것 및 평가를 해보세요."
현대자동차,기계엔지니어,이력서에 기재된 수상내역을 처음부터 끝까지 설명해보세요.
현대자동차,기계엔지니어,"희망하는 직무가 제어 플랫폼 사양 평가 쪽인 것 같은데, 제어 로직 설계에는 관심이 있나요?"
현대자동차,기계엔지니어,진행했던 프로젝트중 'OO프로젝트'의 구성인원과 역할을 설명해보세요.
현대자동차,기계엔지니어,딥러닝을 수행하기 위해 굳이 로봇알고리즘 직무에 지원한 이유는 무엇인가요?
현대자동차,기계엔지니어,최근 뉴스기사 중 가장 기억에 남는 기사는?
현대자동차,기계엔지니어,전시까지 얼마남지 않은 상황에서 새로운 아이디어에 대해 어느정도 성공가능성을 생각한건가?
현대자동차,기계엔지니어,(직무역량) 2번째 대안은 발열이 높다는 단점이 있다. 이를 해결할 방안은 있는가?
현대자동차,기계엔지니어,(직무역량) 제시된 문제를 해결하기 위한 3가지 대안 중 왜 2번째 대안을 선택하였는가?
현대자동차,기계엔지니어,"(핵심역량) 친구가 다른 친구에게 소개한다고 했을 때, 당신을 한 단어로 뭐라고 소개하겠는가?"
현대자동차,R&D(연구개발),어떤 전공 지식이 설계에 적용이 될 수 있을까요?
현대자동차,R&D(연구개발),기사에서 나온 얘기 말고 직접 현대자동차를 운전하면서 느낀 장단점은 무엇인가요?
현대자동차,R&D(연구개발),변속기를 다단화시킬 수 있는 방법 중에 본인이 창의적으로 생각해 본 해결 방안이 있습니까?
현대자동차,R&D(연구개발),오늘 면접이 안되면 받았던 것 모두 돌려줘야겠네요?
현대자동차,R&D(연구개발),글로벌 엔지니어의 꿈을 이루기 위해서 몇 년이 필요한가?
현대자동차,R&D(연구개발),기업의 복리후생을 아십니까?
현대자동차,R&D(연구개발),본인의 역할로 인한 결과는 어떻습니까?
현대자동차,R&D(연구개발),아침밥을 먹고 왔나요?
현대자동차,R&D(연구개발),에어 서스펜션이 들어간 현대자동차의 차량을 말해보시오
현대자동차,R&D(연구개발),인생에서 가장 도전적이었던 경험은 무엇입니까?
현대자동차,R&D(연구개발),취미가 무엇이고 취미를 가지게 된 계기가 있나요?
현대자동차,R&D(연구개발),행복합니까?
현대자동차,R&D(연구개발),현대파워텍과 현대자동차를 비교해보시오
현대자동차,연구개발,"회사에서 귀하에게 7,000만원이라는 연봉을 지급하면, 당신은 회사를 위해 무엇을 할 것인가?"
현대자동차,연구개발,친구들간의 다툼이 있을때 중간에서의 본인의 해결책은 무엇인가요?
현대자동차,연구개발,전공과 관련하여 수행한 프로젝트가 있는가?
현대자동차,연구개발,가솔린 기관과 디젤 기관의 차이를 3가지 기준으로 말헤보시오
현대오토에버,백엔드개발자,자신에게 만약 다른 직무가 주어진다면?
현대오토에버,앱개발자,비전공자로써 SW개발역량을 키우기 위해 어떤노력들을 해왔나요?
현대오토에버,백엔드개발자,본인 PR을 30초간 해주세요.
현대오토에버,AI/ML엔지니어,1x1컨볼루션이 왜 필요한지 말해보세요.
현대오토에버,AI/ML엔지니어,주로 어떤 딥러닝 아키텍쳐를 선호하나요?
현대오토에버,AI/ML엔지니어,visual slam과 odometry 기술을 사용한 경험이 있나요?
현대오토에버,AI/ML엔지니어,"현대오토에버가 나아가야 할 방향에 대해서, 신문이나 기사를 제외한 본인만의 생각을 서술하시오."
현대오토에버,AI/ML엔지니어,(공백기가 있는 지원자에게) 저번 공채에는 본인이 왜 떨어졌다고 생각하는가?
현대오토에버,AI/ML엔지니어,"본인을 뽑아야하는 경쟁력, 강점 혹은 본인만의 스토리를 말해보세요."
현대오토에버,IT영업,자신만의 특출난 점이 있는가? 무엇인지 말해보시오.
현대오토에버,시스템엔지니어,(영어면접) 장거리로 비행기를 탈 때 주로 무엇을 하나요?
현대오토에버,시스템엔지니어,"공모전에서 상을 탔었는데, 그건 무슨 상이었나요?"
현대오토에버,IT-일반,오토에버의 어떤 직무에 지원했는가?
새마을금고중앙회,앱개발자,나이 차이가 많이 나는 상사와 잘 지낼 수 있는지?
새마을금고중앙회,앱개발자,본인은 리더인가 팔로워인가
새마을금고중앙회,앱개발자,리더로서 가져야 할 자질은?
새마을금고중앙회,앱개발자,스프링 프레임워크의 특징은?
인천교통공사,기계엔지니어,지하철 공조시스템의 원리는?
인천교통공사,전기·전자엔지니어,ATO가 뭔가 ?
인천교통공사,전기·전자엔지니어,어떻게 적응력을 키워왔나?
케이워터기술,전기·전자엔지니어,"요즘 친환경문제가 대두되고 있는데요. 포괄적인 질문입니다. 댐을 증축하는 게 중요하다고 생각하는지, 아니면 기존의 수자원시설을 유지보수하는 게 더 중요하다고 생각하는지, 궁금합니다."
케이워터기술,전기·전자엔지니어,(자소서 질문) 학부 시절에 배웠던 '아두이노'를 공부하면서 어떤 역할을 맡았나요?
삼성바이오로직스,연구개발,삼성바이오로직스가 하는 일은?
삼성바이오로직스,연구개발,통형 용기 설계시 원주방향 응력과 축방향 응력 중 어떤 응력을 기준으로 설계해야하나?
삼성바이오로직스,연구개발,gmp는 어떤것의 약자인가?
중소기업은행,앱개발자,은행원이 되기 위해서 언제부터 준비하였고 어떠한 노력을 하였는지 말해보세요
중소기업은행,앱개발자,금융 관련 IT 뉴스를 자주 본다고 했는데 빅데이터에 대해서 설명해보세요.
한국전력공사,전기·전자엔지니어,HVDC를 이룩하기 위해서는 정치적으로 북한과 관계과 완화되어야 할 것인데 이를 어떻게 해결하겠나요?
한국전력공사,전기·전자엔지니어,1차면접 / HVDC란?
한국전력공사,전기·전자엔지니어,1차 면접 / 단로기와 차단기의 차이점은?
한국전력공사,전기·전자엔지니어,2차면접 / 자기소개서에 마라톤을 했다고 했는데 왜했는지?
한국전력공사,전기·전자엔지니어,앞에 노트북 전력소모량 몇 같아요?
한국전력공사,전기·전자엔지니어,110V보다 220V를 사용하면 좋은 이유는?
한국전력공사,전기·전자엔지니어,NCS의 다양한 과목 중 하나를 정해 본인에게 대입하고 기르기 위한 노력을 말해보아라.
한국전력공사,전기·전자엔지니어,피뢰기 구비조건을 아시나요?
한국전력공사,전기·전자엔지니어,한국전력공사 인재상중 한가지를 선택해보세요.
한국전력공사,전기·전자엔지니어,"태양광발전이 한전에 미치는 영향은 손실인가, 이익인가?"
한국전력공사,정보통신.IT,한국전력공사의 PLC통신 사업에서 자신이 배운 기술을 어떻게 활용할 것인가요?
한국전력공사,정보통신.IT,OSI 7계층에서 3계층과 4계층이 하는 역할에 대해 설명해보시오.
에이치디현대인프라코어,R&D,어떠한 일이나 문제가 발생했을 때 그것을 개선하거나 해결하기 위해서 창의적인 방법으로 접근했던 경험을 말해보시오
서진오토모티브,연구개발,본인이 잘한다고 한 프로그램을 어느정도 수준까지 활용 가능한가?
퓨쳐시스템,보안관제,정보보안이 뭡니까? 왜 보안관제업체에게 외주를 줍니까? 방화벽에 대해서 아는대로 말씀해보세요?
현대중공업,기계엔지니어,"프로그래밍을 했다고 했는데, 해당 내용을 회사에 합격하게 된다면 구현이 가능한지?"
현대중공업,기계엔지니어,증기관 내부 유동 해석을 할 때 본인이 한 연구가 왜 중요한지?
유한회사스태츠칩팩코리아,반도체엔지니어,"다른 곳 면접이 있다던가, 어디 지원한 회사있나요?"
유한회사스태츠칩팩코리아,반도체엔지니어,전공정 관련 경험은 있는데 후공정 없네요?
유한회사스태츠칩팩코리아,반도체엔지니어,노가다 해봤나요?
유한회사스태츠칩팩코리아,반도체엔지니어,혹시 회사에 합격하면 자취를 할 것인지 근거를 들어서 설명해보세요.
유한회사스태츠칩팩코리아,반도체엔지니어,인턴인데도 야근 많이 시킬건데 괜찮나요?
유한회사스태츠칩팩코리아,R&D,"지금까지 어떠한 준비를 하였고, 졸업 후 공백기에는 무엇을 했는가?"
한국지역난방기술,기계엔지니어,(자소서 기반) 팀 프로젝트에서 수행한 역할과 도출한 결과에 대해 구체적으로 설명해줄 수 있는지?
한국지역난방기술,기계엔지니어,"최근 세계적으로 에너지 이슈에 대해 아는지, 알고 있다면 그 이슈에 대한 자신의 견해는?"
한국지역난방기술,기계엔지니어,우리 회사의 경우 본사가 서울에 있으며 서울에서 근무하게 될테지만 인구가 서울로 집중되는 이유에 대한 본인의 생각은?
한국타이어앤테크놀로지,기계엔지니어,본인이 가장 큰 그룹에서 활동했던 적이 언제였나요?
한국타이어앤테크놀로지,기계엔지니어,일본어 어느정도 하나요?(일본어로 질문)
한국타이어앤테크놀로지,연구개발,형제가 있다면 사이가 어떠한가요?
한국타이어앤테크놀로지,연구개발,날씨 별 타이어 패턴에 관해 어떻게 설계할 것이며 그 이유는 무엇인가요?
한국타이어앤테크놀로지,연구개발,남자용 구두와 여자용 힐이 있는데 둘 중에 어느 것이 먼저 닳을까요? 그것을 이용해서 타이어 설계를 관련 지어 설명해보세요.
만도,기계엔지니어,"MATLAB, CATIA 등 프로그램은 많이 다루어보았나요?"
만도,연구개발,만도가 납품하고 있는 회사를 알고 있냐?
만도,연구개발,판교에 와본 적 있냐
만도,연구개발,학교에서 프로젝트 뭐했냐?
SK이노베이션,화학엔지니어,오케스트라를 하셨는데 많은 사람들 사이에서 마찰은 없으셨나요?
엔에이치엔,웹개발자,(코드 리뷰 할 때) 왜 메소드 구조를 그렇게 작성했나요?
엔에이치엔,웹개발자,ABCD의 알파벳 문자열을 압축하는 알고리즘이 뭐가 있을까요?
태양금속공업,연구개발,"철, 알루미늄, 플라스틱의 특징을 아는데로 말해보시오."
유라클,연구개발,업무상 위에서 시킨 일을 팀원이 거부하면 어떻게 할것입니까?
칼자이스,광학현미경엔지니어,"영어 1분 자기소개서, 광학현미경에 대해서 아는데로 말해보기, 취미, 특기, 업무 관련해서 자신의 장,단점에 대해서 말하기, 학점이 낮은 이유"
대림아이앤에스,IT 기획 및 마케팅,본인의 역량을 구체적으로 제시하고 회사 업무와 연결지어서 발표하시오
유클릭,프로그래머,피치 못할 업무로 야근이나 주말출근을 해야 합니다. 괜찮습니까?
인바디,반도체엔지니어,다뤄본 MCU는 어떤 것이 있는지?
인바디,반도체엔지니어,졸업작품에서 문제가 없었는지?
인바디,기구개발,"사장님과 개별 면담이 잦을 텐데, 낯가림이 심하십니까?"
한국정보통신,백엔드개발자,상사와의 관계가 틀어질경우 대처법은?
스마트로,IT/인터넷,감명깊게 읽은 책이나 영화는?
한국정보인증,백엔드개발자,많은 회사들 중 왜 한국정보인증을 선택했는지?
신한투자증권,IT,10년 뒤에 로봇 어드바이저와 사람 둘 중에 누가 더 투자 수익을 많이 낼 것 같다고 생각하나요? 그리고 로봇이 사람의 일자리를 빼앗는거에 대해 어떻게 해야할까요?
신한투자증권,IT,"역사, 소설책에 나오는 인물을 선택해서 1시간 동안 이야기 할 수 있다면 누구와 무슨 이야기를 하고싶나요?"
신한투자증권,IT,IT부서에서 하고 싶은 일은 무엇이고 만약 배치된 부서가 원하는 직무를 수행하지 않을 경우 어떻게 하실건가요?
마이다스아이티,앱개발자,아무도 지키지 않는 규칙을 지킬것인가?
마이다스아이티,앱개발자,상대방에게 비싼 음식을 사주기로 하고 식당에서 밥을 먹었는데 지갑을 두고왔다. 어떻게 말할것인가?
마이다스아이티,앱개발자,"퀴즈: 공 옮기기, 무게 맞추기, 사람표정읽기"
신용보증기금,AI/ML엔지니어,하둡에코나 스파크 같은 것을 사용해봤나요?
코닝정밀소재,연구개발,열전달의 법칙에 대해 PT하라
코닝정밀소재,연구개발,확산에 대해 설명하시오(Fick's law)
부방,설계엔지니어,"운전을 잘하는지, 천안공장으로 출장가는 경우도 있는데 괜찮습니까?"
부방,설계엔지니어,입사하게 된다면 적응 기간은 어느정도 걸릴 것 같습니까?
케이조선,R&D,R&D부서에 들어와서 현실적으로 회사를 위해 하고 싶은 일 또는 프로젝트가 무엇인가?
오픈타이드코리아,SW개발,학교그만두고 다시 입학했을때 전혀 다른 과로 들어간 이유는?
플렉스컴,연구개발,CAD를 기본적으로 할 줄 아는가?
엘에스엠트론,R&D(연구개발),LS엠트론에는 왜 지원했습니까?
엘에스엠트론,R&D,폭스바겐이 기술적으로 어떻게 조작해서 인증을 통과할 수 있었는지 말해보아라.
오픈베이스,백엔드개발자,회사가 당신의 기대치에 못 미치면 어떡하실건가요?
오픈베이스,백엔드개발자,인켑슐레이션이 뭔가요?
금호석유화학,IT-인터넷,다른 좋은 소프트업체 안가고 왜 여기로 왔는가?
금호석유화학,IT-인터넷,"우리는 A사이며 핸드폰 판매 실적이 가장 좋은 회사다. 다른 B,C,D사가 치고 올라오는데 우리가 어떻게 하면 이 상황을 극복할 수 있을까? (토론면접)"
에이치디한국조선해양,전기·전자엔지니어,현재 진행중인 사업분야와 다른 분야와 접목될 수 있는 부분은?
에이치디한국조선해양,전기·전자엔지니어,우리나라 한국사 인물 중 가장 존경하는 인물과 그 이유는?
대한유화,화학엔지니어,화학물질관리법(화관법)에 대해 아는 대로 말해보라.
SK오앤에스,IT/인터넷,제일 하위계층에서 어떤 프로토콜을 쓰는가?
엔씨소프트,서비스플랫폼개발(인턴),서버 개발시 멀티 프로세스를 사용할 때와 멀티 쓰레드를 사용할 때의 차이를 설명해보세요
엔씨소프트,서비스플랫폼개발(인턴),회사에서 장거리 통신으로 긴급하게 보고를 해야 할 때 tcp 혹은 udp 중 어떤 프로토콜이 더 좋을지 대답해보세요
엔씨소프트,게임개발,"게임 ai의 길찾기 알고리즘으로 a* 알고리즘 을 사용하셨는데, 이에 대한 설명을 해주실 수 있나요?"
엔씨소프트,IT/인터넷,프로그래밍 경력은 어느 정도인가?
엔씨소프트,IT/인터넷,포트폴리오에 나온 이론을 설명해보아라.
엔씨소프트,IT-인터넷,고층건물에서 화재가 발생했을때 어떻게 탈출할 것인가?
엔씨소프트,IT-인터넷,즐겨하는 게임에서 레벨은 몇인가?
태광산업,화학엔지니어,"화관법이 최근 이슈되고 있는데 언제부터 화관법이 도입되었고, 기업의 입장에서 이 제도의 문제점이 무엇인지?"
태광산업,화학엔지니어,준비한 자기소개 혹은 회사에 물어보고 싶은 게 있다면?
SK온,화학엔지니어,저항 점용접 적용에 기여할 수 있다고 했는데 혹시 앞서 말한 한계에도 불구하고 적용 가능성을 높여줄 아이디어가 있을까요?
SK온,화학엔지니어,구조재료를 메인으로 연구한 것 같은데 왜 포스코나 현대제철이 아니라 여기에 지원했나요?
에스피씨,IT·인터넷,성적이 왜 이 정도지?
에스피씨,IT·인터넷,취업 원서는 몇 개 썼는가? 요새 취업이 어렵다는데 얼마나 어려운가?
에스피씨,IT·인터넷,프로젝트 관련 맡은 부분
비상교육,교재개발·교수설계,"비상교육 교재를 사용해본적 있나요, 기업에 대한 평소 인식은 어떤가요?"
LG유플러스,네트워크엔지니어,"수많은 기업 중 LG를 선택한 이유는 무엇이며, 그중에서도 LG유플러스를 선택한 이유는 무엇인가?"
LG유플러스,IT-인터넷,"각종 이미지 처리방식, 빅데이터, IOT등에 대해서 아는대로 질문은 선택하여 답변하라."
LG유플러스,IT-인터넷,OSI 계층간 프로토콜을 모두 설명하라.
롯데쇼핑,AI/ML엔지니어,"꼭 유통업에 관련되지 않더라도, 가장 최근에 본 기사가 무엇인가요?(임원면접)"
롯데쇼핑,AI/ML엔지니어,(발표한 제안서에 대해)한계점이 있다면 무었일까?(직무면접)
현대모비스,기계엔지니어,프로젝트에서 본인이 낸 아이디어는 어떤 것인지?
현대모비스,연구개발,경험했던 조별 프로젝트에서 성취한 결과와 그 결과를 이루기 위해 팀원 혹은 개인으로 어떤 노력을 했는지 말해보시오.
현대모비스,연구개발,"교육 봉사 활동을 했던데, 지적 장애 아동을 대상으로 한 봉사 활동은 어떤 것이었나?"
현대모비스,연구개발,구성원과 하나의 높은 목표를 설정하고 함께 도전한 경험이 있는가? 그곳에서 당신의 역할은 무엇이었는지 구체적으로 설명해봐라. 구체적으로 몇 퍼센트의 일을 분담했다고 생각하는가?
현대모비스,연구개발,"모터를 설계한 후에는 제작이 들어가야 할 텐데, 이 부분까지 고려를 하고 있는 건가?"
현대모비스,연구개발,봉사 활동은 얼마나 자주 했으며 어느 정도의 시간을 할애했는가?
현대모비스,연구개발,이 연구가 석사 졸업 논문 테마인가? 앞으로 남은 기간 동안 최적 설계를 마치고 제작을 통한 유효성 검증까지 마칠 수 있겠는가?
현대모비스,연구개발,"자기소개서를 보면 교육 봉사 활동을 언급했는데, 구체적으로 어떤 봉사 활동이었나? 봉사 활동에는 얼마나 자주, 그리고 얼마나 많은 시간을 할애했는가?"
현대모비스,연구개발,자소서에 적은 대회 경험에 대한 결과는 어땠는가?
현대모비스,연구개발,주민등록번호 폐지에 대해 찬반토론하라.
현대모비스,연구개발,준비한 피티자료를 5분 동안 발표해보시오.
현대모비스,연구개발,지원자가 말하는 연구는 산학 과제인 건가? 아니면 연구실에서 자체적으로 하는 연구인가?
현대모비스,R&D(연구개발),가장 중점적으로 생각하는 기업의 이미지는 무엇입니까?
현대모비스,R&D(연구개발),"본인의 장단점은 무엇이며, 본인은 장점을 더욱 부각시키는 타입입니까, 아니면 단점을 보완하는 타입입니까?"
현대모비스,R&D(연구개발),회로에서 노이즈를 줄이기 위해 해야하는 방법이 있습니까?
현대모비스,연구개발,조직이나 프로세스를 개선하기 위해 노력했던 경험은?
현대모비스,R&D,미래에는 어떤 자동차가 나올거 같나요?
현대모비스,연구개발,이름과 하고싶은 업무 그리고 관련 경험 과 업무에 대한 장점 및 포부를 넣어 자기소개해보세요
SSG.COM,웹개발자,RESTful 한게 무엇인가요?
SSG.COM,웹개발자,과제를 하면서 마주친 문제점이 있었나요?
에이에스엠엘코리아,반도체엔지니어,"노광 공정에 대해서 얼마나 알고 있고, 관련된 어떤 업무를 해보았나요?"
한미반도체,연구개발,펨토초 레이저와 피코초 레이저의 차이점은?
LG화학,반도체엔지니어,운동을 좋아하는지
LG화학,R&D,오늘 전공 면접에서 자기자신에게 몇점을 주겠는가?
LG화학,R&D,토익점수가 왜 이렇게 낮은가?
LG화학,R&D,학창시절에 가장 크게 느꼈던 갈등이 무엇인가? 어떻게 갈등을 풀었나?
오스템임플란트,연구개발,"물리화학 원서에 나온 내용을 해석하고, 그 내용을 발표하면서 그래프로 그려서 설명하세요."
티머니,소프트웨어개발자,티머니 서비스 중 어떤 서비스가 가장 좋았는지 말해보세요. 그리고 그 서비스의 장단점을 말해주세요.
코오롱글로텍,R&D,오늘 입은 패션은 무슨 컨셉으로 입은 것인가?
코오롱글로텍,R&D,현 사업이 아닌 코오롱글로텍에서 창출할 미래 연구 개발 사업에는 무엇이 있을 수 있다고 생각하나?
현대홈쇼핑,"MD(방송, Hmall, 카탈로그, 데이터방송)","어떤 분야의 MD가 되고 싶으며, 어떤 상품을 맡고 싶은가?"
현대홈쇼핑,"MD(방송, Hmall, 카탈로그, 데이터방송)",NS홈쇼핑 식품 분야에 강세에 있다. 현대홈쇼핑과 NS홈쇼핑을 비교해봐라.
한국아이비엠,IT Specialist,나열된 수열에서 법칙을 찾아내서 다음에 올 번호를 찾아내시오.
코아시아,반도체엔지니어,리더쉽 평점이 7점이라면 당신의 점수는 몇 점인가요?(공통)
코아시아,반도체엔지니어,Asynchronous interface란 무엇인가요?
LGCNS,웹개발자,고객을 직접 응대하며 니즈를 파악하는 업무와 백엔드에서 개발을 하는 업무 중에 무엇을 선호하나요?
LGCNS,AI/ML엔지니어,"어떤 프로그램들을 다룰 줄 알고, 무엇에 가장 자신이 있는지?"
LGCNS,앱개발자,스마트팩토리 직군 특성상 지방근무가 순환적인 지방근무가 필수적인데 괜찮겠나?
LGCNS,앱개발자,지금 스마트팩토리 부문에 면접을 오신건데 어떤 일을 하는지 알고 지원하신건가? 우리가 뭘하는 부문인 것 같은가?
LGCNS,앱개발자,지방 근무나 해외 파견이 될 수 있다. 어떻게 할 건가? 여자친구는 있는지? 그런 상의는 해봤는지?
LGCNS,IT/인터넷,"입사하자마자 프로그래밍 업무가 주어질 수도 있는데, 지금 역량으로 가능하다고 생각하는가?"
LGCNS,IT/인터넷,"컴퓨터과학을 이중 전공한다고 했는데, 컴퓨터과학과 컴퓨터공학의 차이는 무엇인지 설명할 수 있는가?"
LGCNS,IT SERVICX,65세 정년 의무화 찬반
한화시스템,전기·전자엔지니어,한화탈레스는 약간 보수적인 기업이다 어떻게 생각하냐?
한화시스템,전기·전자엔지니어,"전공성적이 좋지 않은 편인데, 그것을 대체할 만한 어떤 이야기가 있는가?"
한화시스템,연구개발,본인이 나온 대학을 선택한 이유는 무엇인가요? 본인이 나온 대학을 추천하고 싶나요?
한화시스템,공통(CE/IM/전사직속)-소프트웨어,OOP를 얼마나 접해보았나요?
S-OIL,IT서비스,자기소개해보세요. 왜 결혼안했나요? 왜 얼굴이 밝은가요? 프로젝트에 있어 중요한건 무엇이라 생각하나요?
대동,IT·기술영업,취미 및 특기
대동,IT·기술영업,경력 퇴직사유
한국니토옵티칼,IT·기술영업,고객의 파와하라(압력)을 어떻게 견딜지?
삼성메디슨,전기·전자엔지니어,평소 본인의 교우관계는 어떤가요?
아이엠뱅크,통계(데이터마이닝),대구은행 입행에 대한 간절함을 어필해보시오.
아이엠뱅크,통계(데이터마이닝),"지원 직무가 데이터 마이닝인데, 초반에 영업점에서 근무할 수도 있는데 가능하겠는가?"
안랩,네트워크엔지니어,퍼블릭 클라우드와 프라이빗 클라우드를 알고 있나요?
안랩,앱개발자,쓰레드 얘기를 했는데 멀티 쓰레드가 한 변수에 접근할 때를 대비해 쓰는 동기화 기법에는 뭐가있는가? 세마포어와 뮤텍스의 차이는?
안랩,R&D>리눅스 개발,"select에 대해서 설명하고, select가 어떻게 동작한다고 생각하세요?"
안랩,IT/인터넷,"웹해킹의 기법들과 랜섬웨어 설명하고, 웹해킹과 랜섬웨어에 대한 예방법 또는 조치방법에 대해 설명해보시오."
안랩,IT/인터넷,"지원자의 포트폴리오에 나와 있는 악성코드 분석, DLL 인젝션, PE 구조 등에 대해 상세히 말해보시오."
안랩,IT/인터넷,파워포인트를 사용하려고 하는데 파일 실행이 안됩니다. 왜 그런지 보안과 관련해서 말해주세요.
안랩,IT/인터넷,현재 면접관의 컴퓨터가 ping은 안 가는데 naver는 접속이 된다. 왜 그런가?
안랩,IT/인터넷,DoS 공격중에서 LAND Attack에 대해 설명해주세요.
안랩,IT-인터넷,얼마나 절실한가?
안랩,리눅스기반개발,STRING 값을 주었을 때 값이 커지면서 에러가 걸렸을 때 무엇이 문제였을까?
안랩,IT-인터넷,회사 홈페이지에서 소스보기를 해보았는가? 어땠는가?
KCC,화학엔지니어,"대학 때 학점이 높아서 공부만 할거같은데, 대외활동은 했나요?"
KCC,화학엔지니어,"밖에서 보는 KCC의 이미지는 어떤지 설명해보시고, 본인은 왜 우리회사에 지원했나요?"
KCC,화학엔지니어,"수학학원 아르바이트 경력이있는데 무슨일을 하였고, 그를 바탕으로 업무에서 어떻게 기여할 건가요?"
KCC,화학엔지니어,지원자분 성격이 활동적이지만 반대로 계획능력이나 꼼꼼함은 떨어질거같다. 이것을 보완했던 경험이 있나요?
KCC,화학엔지니어,"KCC는 중앙연구소에서 근무해도 로테이션 시스템에 따라 지방 공장 부속 연구소에서 일하기도 하는데, 지방 근무 가능합니까?"
KCC,화학엔지니어,"석사 과정 중에 실험을 많이 해본 것 같은데, 이처럼 기기를 다루는 것이 연구직에 있어서 중요한 이유는 무엇이라 생각합니까?"
한일네트웍스,앱개발자,개발이 하고싶은지 유지보수가 하고싶은지
교보생명,IT부문,"자료(개혁목표, 수익그래프)에 대한 변경 방안"
두산건설,엔지니어링,"주어진 장소에 오피스텔, 아파트, 주상복합단지 중 어떤 것을 지어야 할까요?"
두산건설,연구개발,위기상황에서 새로운 접근으로 위기를 극복한 경험이 있습니까
엘아이지넥스원,전기·전자엔지니어,PT질문과 전공 질문이 있었습니다.
엘아이지넥스원,R&D·연구원,PT내용에 있는 인젝터는 무엇에 사용하는건가요? 실제로 제작됐나요? 최적설계를 어떻게 했나요?
엘아이지넥스원,전기·전자엔지니어,"본인을 가장 잘 표현할 수 있는 당사의 무기체계 또는 무기를 선택하고, 어떠한 점이 본인을 잘 표현했다고 생각했는지 설명해보세요."
엘아이지넥스원,전기·전자엔지니어,LIG넥스원의 핵심가치 개방을 본인이 실천한 경험은?
엘아이지넥스원,R&D·연구원,지금까지 살아오면서 가장 큰 실패는 무엇이었나요? 또 그때 실패 했던 이유는 뭐라고 생각하나요?
엘아이지넥스원,설계엔지니어,"열역학과 연소와공해를 배웟는데, 이 과목들이 직무에 어떻게 작용될까요?"
엘아이지넥스원,IT-인터넷,연구한 내용을 적용하여 어떤 새로운 제품을 개발 할 수 있겠는가?
엘아이지넥스원,R&D 기계,다른 회사에 지원했었나? 그러면 그 회사 채용에서 탈락한 이유는 무엇이라고 생각하는가?
한국전기안전공사,전기·전자엔지니어,공격적인 목표지향 vs 안정적인 목표지향 둘 중 어느 것을 더 추구하십니까?
한국전기안전공사,전기·전자엔지니어,환경여건이 안되지만 포기하지 않고 성취했던 경험을 말씀해 보세요.
한국전기안전공사,전기·전자엔지니어,(타 지원자 자기소개서의 꼬리질문) 중간자적 역할을 했던 경험이 있습니까?
한국전기안전공사,전기·전자엔지니어,"도전적으로 학교생활이나 동아리, 아르바이트 등 조직발전을 위해 본인이 가장 많은 기여를 했다고 자부할 수 있는 경험을 말해보세요."
한국전기안전공사,전기·전자엔지니어,"새로운 회사에 입사를 하게 되었을 때, 새로운 사람들과 만나게 될겁니다. 그 때, 자신은 어떻게 긍정적인 관계를 형성할 것인지 자신의 과거 경험에 빗대어 표현해주세요."
한국전기안전공사,전기·전자엔지니어,"누전차단기의 동작원리를 설명하고, 배선용 차단기와의 차이점을 설명해보세요."
한국전기안전공사,전기·전자엔지니어,"입사하게 된다면 그동안 여러가지 느꼈던 스트레스들이 많았을 텐데, 나 자신을 위해서 이런 데에 투자해보고싶다, 보상해주고싶다 하는 부분이 있으면 말해주세요."
한국전기안전공사,전기·전자엔지니어,상사가 회사의 물건을 사용하는 것을본다면
한국전기안전공사,전기·전자엔지니어,교류와 직류의 저압과 고압의 기준을 알고 있는가?
기아,AI/ML엔지니어,코딩테스트 1번을 풀어나간 순서를 간단하게 브리핑을 해보세요.
SK텔레콤,시스템엔지니어,(AWS) EC2나 Lambda를 VPC에서 프라이빗 서브넷으로 구성하려고 하는데 어떻게 구성하는 것이 좋을까요?
SK텔레콤,시스템엔지니어,"(AWS) ECS, ECR, EKS, Fargate의 차이점?"
SK텔레콤,시스템엔지니어,"맡고 있거나 맡았던 프로젝트 중에서 가장 인상깊은 것과 자신의 역할 및 기여도에 대한 부분, 동료와 협업했던 부분은 무엇인가요?"
SK텔레콤,IT/인터넷,자신의 인생 그래프를 그려 보아라.
SK텔레콤,네트워크엔지니어,"동아리 회장을 했다고 적었는데, 무슨 일을 했고, 지원자에게 어떻게 도움이 되었다고 생각하는가?"
대성산업,IT·기술영업,유학을 미국 어느 지역으로 갔는지? 왜 그 지역을 선택하였는지?
대성산업,IT·기술영업,"비전공자인데 유압과, 공압에 대해서 얼만큼 알고있는지?"
티맥스소프트,시스템엔지니어,"머신러닝을 이용한 프로그램 개발에 참여했다고 쓰여있는데, 해당 프로젝트에서 맡은 직무가 무엇인가요?"
티맥스소프트,시스템엔지니어,"리눅스를 이용한 프로젝트 경험이 있나요? 있다면 어떤 프로젝트를 했고, 주로 사용한 환경은 어떤가요?"
티맥스소프트,앱개발자,"우리 회사 제품에 대해서 아는 사람 있는가? ( 모두 손을 들자, 모두에게 질문) 이야기해보아라"
티맥스소프트,앱개발자,본인이 배운 것을 기술적으로 설명하라
티맥스소프트,앱개발자,전공에 관한 질문
티맥스소프트,R&D 연구개발직,컴퓨터나 소프트웨어 관련 수업 무엇무엇을 들었나?
티맥스소프트,IT-인터넷,결혼했다면 부부가 치약을 어떤식으로 짜서 쓰느냐?
티맥스소프트,IT-인터넷,가족관계는?
티맥스소프트,IT-인터넷,UNIX명령어를 아는대로 20개를 말해보시오
대우건설,전기·전자엔지니어,"대우건설에 대해 많은 조사를 하셨을 텐데, 어떤 점이 본인을 대우건설에 지원하게 만들었나요?"
대우건설,전기·전자엔지니어,"화력발전소 견학을 하셨던데, 견학 가서 가장 인상 깊었던 설비는 무엇이었고, 또 견학을 통해 무엇을 느꼈나요?"
대우건설,엔지니어링,상대방보다 더 유리한 조건으로 계약을 체결해보세요.
에스케이쉴더스,IT/인터넷,SQL injection의 뜻과 종류에 대해 말해보라
녹십자,시스템엔지니어,책임감 있냐??
세메스,전기·전자엔지니어,임베디드 과목에서 뭐했나?
세메스,IT·기술영업,"우리 회사가 뭐하는 회사인지 알고 왔으며, 지원한 직무가 실제 무슨 업무을 하는지 아나요?"
경동나비엔,R&D·연구원,나비에스톡스 방정식의 비선형텀을 CFD에서는 어떠한 방식으로 처리하는지 설명해보세요.
경동나비엔,설계엔지니어,나비에스톡스 방정식과 베르누이 차이가 뭐냐
경동나비엔,설계엔지니어,층류가 뭐냐?
삼성SDI,연구개발,2020년에 일회용 쓰레기로 인한 환경오염이 완전히 사라졌다. 그 이유는?
삼성SDI,연구개발,"미래에 노인들의 육아 스트레스가 사라졌다. 무게, 소리를 이용해 설명하라."
삼성SDI,연구-개발,리튬이차전지를 사용할 때 환형탄소계와 선형탄소계를 함께 쓰는데 그 이유는?
삼성SDI,연구-개발,서울시청과 같은 근대 건축물의 재건축 찬반
삼성SDI,연구-개발,homo와 lumo 그래프를 주면서 리튬이온이차전지의 음극은 어느 곳에 있어야 적합한 음극이 되는가?
삼성SDI,전지사업부 R&D,고체전해질의 합성과 XRD 패턴 분석
삼성SDI,전지사업부 R&D,종교활동은 열심히 하나요?
삼성SDI,전지사업부 R&D,폴리머와 고체 전해질을 비교하면?
삼성SDI,전지사업부 R&D,PT주제에서 추가로 진행하는 실험이 있다면?
삼성SDI,전지사업부 R&D,SDI가 리튬 배터리 중대형 부분에서 1위하려면 얼마나 걸릴 것 같은지?
삼성SDI,전지사업부 R&D,SNS에 유명인이 정치/시사적인 부분에서 자신의 생각을 표현하는 건 어떻게 생각하는지?
크라운제과,R&D·연구원,지방 출장도 잦은데 체력적으로 가능한가요? 이런 상황에 익숙한가요?
크라운제과,R&D·연구원,지금까지 봤을 때 많은 활동을 한 것으로 보여지는데 현재 하고 있는 것은 무엇인가요?
신세계아이앤씨,웹개발자,"인턴의 경험이 있고 이 경험이 지원한 직무와 유사한데, 어떤식으로 경험을 살릴 것인가?"
신세계아이앤씨,정보통신(시스템개발/운영),부당하다고 느꼈던 경험
코스맥스비티아이,화학엔지니어,<1차> 지원 동기 및 입사 후 포부
이수화학,R&D팀,"몇 년 후 5살 딸아이가 있다고 할 때, 자신이 회사에서 하는 일에 대해 딸아이에게 어떻게 설명해 줄 것인가?"
이수화학,R&D팀,Propylene oxide의 중합 중 산촉매와 염기 촉매 하에서 매커니즘 차이를 설명해 보아라.
현대건설,엔지니어링,본인이 면접관에게 추천해주고 싶은 책 한권이 있다면? 그 이유는?
스마일게이트엔터테인먼트,온라인 게임개발>게임기획,"자기 주장이 강한 성격인데, 회사의 팀워크에 충돌이 일어날 수 있지 않은가?"
스마일게이트엔터테인먼트,IT-인터넷,2010년도 이상 출시되었던 모바일 게임을 무작위로 대보시오.
카카오,앱개발자,docker 파일 작성방법은?
카카오,AI/ML엔지니어,"딥러닝 관련 질문(relu가 무엇인가 왜 쓰는가, local minimum이 해결방법)"
카카오,AI/ML엔지니어,"computer science 질문(정렬 알고리즘, 멀티 스레드 멀티 프로세스 차이)"
카카오,IT,자소서 중심 내용
카카오,IT,최근 관심있는 분야
카카오,IT,본인의 별명과 그 별명을 얻은 이유
카카오,IT,부모님께서 다음에 지원한 사실을 아시는가? 또 다음에 대해 얼만큼 알고 계시는가
NH투자증권,IT지원,가장 자신있는 언어는?
쥬비스,메뉴개발,메뉴개발이 무엇이라고 생각하는지? 자회사 브랜드레스토랑(오율)에 방문한 경험이 있는지?
삼성전기,반도체엔지니어,인성 - 공공기관에서 데이터 분석에 관련된 일을 하였는데 만약 상급자가 데이터 조작을 지시한다면 어떻게 하겠는가?
삼성전기,전기·전자엔지니어,다른곳에서 인턴 제의가 온다면
삼성전기,연구개발,힘들었던 경험과 극복하면서 얻었던 것은 무엇인가?
휴맥스,SW개발,직무면접) 지원자4명이 모두 신입사원이 되었다. 이 구성원으로 팀프로젝트를 시작해야되는데 팀장으로 누구를 뽑을것이며 그 기준은 무엇인가?
커넥트웨이브,웹개발자,"수상경력이 많은데, 왜 많이 참여하였나요?"
에스케이실트론,반도체엔지니어,인성면접(신소재)
에스케이실트론,반도체엔지니어,마이크로프로세서실험설계를 이수했다고 나와있는데 설계한 도면을 그려보세요.
에스케이실트론,반도체엔지니어,다양한 조직생활 경험이 있따고 했는데 그중에서 제일 열심히한것은?
에스케이실트론,반도체엔지니어,"NCS강의는 무엇이고, 컴활이나 워드같은건 왜땃나요?"
E1,엔지니어,인천기지의 무취 LPG 생산 여부를 따져보고 LPG를 생산 할 지 안 할 지를 결정하여라.
한국재정정보원,시스템엔지니어,"프로젝트, 공부와 관련된 것 말고 자신이 하는 여가 생활은?"
캐논코리아,연구개발(기계/기구),"프로젝트 경험에 대해서 구체적으로 무엇을 맡았고 무엇을 어떻게 해서 어떤 결과를 냈는지, 그리고 툴은 무엇을 썼고 어려움은 어땠는지 등 자세히 말해보시오."
HDC아이파크몰,앱개발자,IT를 전공한 이유와 앞으로 포부
네이버클라우드식회사,검색플랫폼 개발,5천만명의 회원을 수용할 수 있는 서버 및 데이터베이스 수를 계산하라.
네이버클라우드식회사,검색플랫폼 개발,퀵소트 짜봐라
네이버클라우드식회사,검색플랫폼 개발,UTF-8 해당하는 언어셋의 문자열수를 계산하는 함수 짜봐라
네이버클라우드식회사,라인플러스 sw개발,1부터 10만개의 수 중에서 소수를 뽑는 알고리즘을 설명해보라
네이버클라우드식회사,라인플러스 sw개발,그 문제가 발생하면 어떻게 대처해야 하나
네이버클라우드식회사,라인플러스 sw개발,두개의 언어의 메모리는 각각 어떤방식으로 관리하는지
네이버클라우드식회사,라인플러스 sw개발,자신있는 언어가 자바 c++이라고 했는데 그 두개의 장단점
네이버클라우드식회사,라인플러스 sw개발,ffmpeg을 사용하면서 발생한 문제점
네이버,웹개발자,"총 길이가 A m(미터)인 재료를 가지고 동물 두 종을 가둘 수 있는 울타리를 지으려고 할 때, 면적이 최대가 하려면 어떻게 해야하는가?"
네이버,앱개발자,왜 CONTEXT SWITCHING 작업이 오래걸리나요?
네이버,앱개발자,"n명 참가 토너먼트 경기에서 총 몇번의 경기를 해야하는지, 우승하려면 몇판이겨야 하는지 공식을 구해보세요."
네이버,앱개발자,"러시안 룰렛6칸의 총 구멍에서 연속해서 2발의 총알을 장전했다. 상대편이 먼저 1판을 시도하여 생존했을때, 내가 생존하려면 바로 게임을 시도하는것이 유리한가, 총알을 회전시켜 무작위로 바꾸는것이 생존에 유리한가?"
네이버,소프트웨어개발자,100!의 끝자리에 0은 몇개나오는가?
네이버,소프트웨어개발자,12명의 사람이 전부 악수하는 경우의수는 몇가지인가?
네이버,소프트웨어개발자,"그릇2개에 흰공 50개,빨간공50개를 마음대로 넣고 랜덤으로 그릇을 골라 공을 뽑았을때 흰공이 뽑힐 활률이 가장 큰 최적비율은?"
네이버,앱개발자,딥러닝으로 뭔가를 분류해주는 플랫폼을 만들건데 서비스할때 여러사람들이 그 플랫폼에 접근해서 이용하는 구조로 만들려면 어떻게 서비스 해야되나요?
네이버,앱개발자,자바 string과 string builder 그리고 string buffer차이점을 말해보세요.
네이버,IT-인터넷,선배와 후배 중 더 일하기 편한 그룹은?
네이버,IT-인터넷,"10000원을 실제로 표시할 때는 10,000원으로 ,을 넣어 구분하는데 그 것을 출력하는 로직 만들기"
네이버,IT-인터넷,10년뒤에 사용될 서비스 기획
네이버,IT-인터넷,다른 곳에도 있는 서비스 아닌가?
네이버,IT-인터넷,최소비용 신장트리를 구하는 방법은?
네이버,네이버비즈니스플랫폼/IT개발,네이버의 상황을 SWOT툴을 사용하여 분석해보시오
네이버,IT-인터넷,100! = 100 * 99 * ... * 2 * 1 = xx…x00..0 = xx…x * 10^n 이 때 n의 값은?
네이버,IT-인터넷,지원직종에 해당하는 서비스 개선안 제시
현대IT&E,웹개발자,"프로젝트 중 TenserFlow Lite를 활용한 사례가 있던데, 오버헤드를 줄이기 위한 특별한 전략이 있었는지 설명해주세요."
네패스,반도체엔지니어,네패스를 책 혹은 노래로 비유한다면?
효성,기계엔지니어,PT면접에서 wire rod에 응력이 가해져 당겨졌을 때 발생하는 전단응력에 대해 말해보라
효성,기계엔지니어,"공백기 1년 동안 무엇을 하였고, 그것이 회사생활을 하면서 어떤 도움이 될 것인가?"
비알코리아,연구개발,새로운 아이템 제시를 해보아라.
한국국제협력단,개발협력일반,"경제가 앞으로 계속 어려울 전망인데, 차세대 먹거리는 무엇일까요?"
호반건설,앱개발자,ERP가 무었인지 아는대로 답하시오
효성티앤에스,설계엔지니어,효성의 핵심가치 4가지 중 한가지를 골라 자신을 표현하시오
국민은행,시스템엔지니어,"빅데이터를 이용해 AI를 학습 후 챗봇에 이용한다고 하였는데, 어떠한 방식으로 데이터를 수집하나요?"
국민은행,시스템엔지니어,"화상 업무 서비스를 일반 영업점의 행원이 실시한다면 업무량이 늘어나는데, 이에 대한 보상방안은 어떠한 것이 있나요?"
국민은행,IT,"당신이 프로젝트 매니저라고 가정하고, 단 한 명의 직원(DB 설계자, 프로그래머 중 한명)뿐이 고용을 할 수 없을 때 누구를 고용할 것인가?"
AJ네트웍스,IT·기술영업,it영업과 제품영업이 다른점은 무엇일까요?
삼성디스플레이,반도체엔지니어,LCD에서 일할 수도 있고 OLED에서 일할 수 도 있다 괜찮은지
삼성디스플레이,반도체엔지니어,"전공학점이 4.3으로 되게 좋은데, 대학원 갈 생각은 없는가? 겨울방학 때 인턴했던 대학원 지원은 하였는가?"
삼성디스플레이,반도체엔지니어,"존경하는 인물을 에미넴이라고 적었는데, 다른 사람들은 기업인이나 훌륭한 성인들을 적었는데, 미국 힙합가수를 적은 이유는 무엇인가요?"
삼성디스플레이,연구개발,직무에 필요한 역량과 그렇게 생각한 이유를 말해보시오. 그리고 지원자가 그 역량을 가진 사람이라고 생각하는가?
삼성디스플레이,연구 및 개발,가장 재미있게 수강하였던 전공과목과 힘들었던 과목
삼성디스플레이,연구및개발,삼성을 싫어하는 친구가 있다 무엇이라 말해줄 것인가 본인의 말이 설득력이 있을것이라고 생각하는 이유는?
엘지디스플레이,설계엔지니어,강성 해석을 통해 고유진동수 구한댔는데 그거 말고 무엇을 알 수 있나요?
엘지디스플레이,설계엔지니어,LCD 재료 변경 없이 강성 증가 시키는 방법 뭔가요?
엘지디스플레이,설계엔지니어,향후 LCD랑 OLED 시장 어떻게 될 거 같고 기구설계자가 어떻게 기여할 수 있나요?
엘지디스플레이,반도체엔지니어,PT자료를 해석할때 회로 기반의 자료인데 어려움이 있었나요?
엘지디스플레이,IT·기술영업,디스플레이 패널 공정을 DMAIC 방식으로 품질을 개선한다면 각 단계는 어떤 것이 해당되겠습니까?
엘지디스플레이,R&D_패널설계,"집이 수도권이고 파주를 지원하셨는데, 구미에서 근무하게 되더라도 괜찮나요?"
엘지디스플레이,R&D_패널설계,본인이 사용하는 핸드폰의 종류와 그 핸드폰에 들어가는 디스플레이 규격을 말해보세요
엘지디스플레이,반도체엔지니어,"삼성전자 반도체 연구소에서 인턴을 했다고 했는데, 거기 되면 아마 삼성을 가지 않을까요?"
엘지디스플레이,반도체엔지니어,취업하면 대구에서 출퇴근하겠네요?
엘지디스플레이,R&D,"(석사 질문) 축구를 좋아한다고 했는데, 우리 부서 신입사원들은 축구를 좋아한다고 해서 뽑아보면 막상 실제로는 잘 하지 않던데… 이에 대해 어떻게 생각하나요?"
에스엘,설비엔지니어,"납기 기한이 얼마남지 않았을 때, 검토를 할것인지 제출을 빨리 할것인지 말씀해주세요."
삼성전자,소프트웨어개발자,대학 시절 했던 여러 프로젝트들 중에서 협업을 하면서 (프리라이더 등) 힘들었던 경험과 이를 극복한 경험에 대해 이야기해주세요
삼성전자,소프트웨어개발자,"수율을 올리고 싶다고 했는데, 실제로 수율이 프로그래밍만으로 올릴 수 있는 것은 아닌데 이에 대해 아이디어가 있을까요?"
삼성전자,설비엔지니어,현장에서 공정 설비 가동 불가로 긴급하게 수리를 해야합니다. 생산성 확보를 위해서는 빠른 조치가 필요하나 안전조치를 하면 시간이 소요되어 비가동 시간이 늘어나는 상황입니다. 본인이라면 어떻게 할지 말해주세요.
삼성전자,소프트웨어개발자,학부연구생을 했으면 대학원 진학 생각이 있는 것인가요?
삼성전자,반도체엔지니어,"군대를 수색대 나왔는데, 어렵지 않았나요?"
삼성전자,반도체엔지니어,어떤 가치관/인생의 목표를 지향하면서 살고 있습니까?
삼성전자,반도체엔지니어,CVD 공정에서 Void가 생기는 것을 방지하기 위한 방법으로는 어떤 것이 있을까요?
삼성전자,반도체엔지니어,본인이 큰 목표를 달성해서 삼성전자 인턴을 소홀히 했다고 생각하는데 우리 회사에 입사하면 그것도 큰 목표를 달성한 것이겠네요?
삼성전자,반도체엔지니어,"(개인)오늘 정장을 입은 지원자가 많았는데, 비즈니스 캐주얼을 입은 이유는?"
삼성전자,반도체엔지니어,(개인)영어 점수가 낮은데 학교에서 진행한 영어 성적이 높은 이유는?
삼성전자,반도체엔지니어,새벽 2시에 기계가 고장났는데 선배가 없어요 어떡할건가요?
삼성전자,반도체엔지니어,새벽이라 전화를 안받으면 어떡하죠?
삼성전자,반도체엔지니어,본인과 선배가 둘이서 현장에서 일을 한다면 본인은 무엇을 할 것이죠?
삼성전자,반도체엔지니어,"지원 동기 (인성, 창의성 모두)"
삼성전자,반도체엔지니어,현장에서 여자들이 작업복을 입고 작업화를 신고 그러는데 어떠세요?
삼성전자,전기·전자엔지니어,패러데이 법칙과 렌츠에 법칙에 대하여 설명하고 공통점과 차이점에 대하여 설명하세요.
삼성전자,전기·전자엔지니어,변압기의 원리에 대하여 설명해주세요.(전공 추가 질문)
삼성전자,반도체엔지니어,현재 붙은 외국계 기업이 글로벌엔지니어가 될수있고 엔지니어로서 또한 글로벌적 측면으로 경쟁력을 쌓을 수 있을것 같은데 왜 우리회사가 0순위 인가요?
삼성전자,반도체엔지니어,중국 유학에 대해 물어보셨다.
삼성전자,반도체엔지니어,꼼꼼함을 보일 수 있는 사례
삼성전자,반도체엔지니어,취미생활은?
삼성전자,반도체엔지니어,"보니까 OOO 교수님한테 졸업 프로젝트를 들었던데, 잘 계신가요?"
삼성전자,반도체엔지니어,"인턴 때 우수사원에 뽑혔던데, 비결이 뭔가요?"
삼성전자,반도체엔지니어,인턴 실습을 진행한 부서 말고 다른 부서에서 일하고 싶은 생각도 있나요?
삼성전자,반도체엔지니어,전환되면 여기에 올 건가요?
삼성전자,반도체엔지니어,"졸업 프로젝트 주제를 보니, 학사 치고 괸장히 advance한 프로젝트를 진행했는데, 석사 생각은 없나요?"
삼성전자,웹개발자,지금 부르면 30분 내로 달려온 친구가 몇 있는가?
삼성전자,연구개발,지원한 부서에서 전공과 관련해서 어떠한 역할을 할 수 있을지에 관해 영어로 답변하라.
삼성전자,연구개발,"집 앞 신호등이 빨간 불이지만, 차가 오지 않는다면 건너겠는가?"
삼성전자,소프트웨어직,10년 후 손목 터널증후군 환자가 줄어든다. 왜 그런가?
삼성전자,반도체엔지니어,"자동차를 자전거로 대체하는 창의적인 방안을 설명해주셨는데, 자전거가 많아지면 문제점은 없을까요?"
삼성전자,연구개발,높이 위치 촉각 등을 이용하여 맞벌이 부부들이 아기를 키울 때 도움이 될 수 있는 20년 뒤 기술을 작성하여라.
삼성전자,SW개발,소프트웨어관련직종에 종사하는 아는사람이 있는가?
삼성전자,R&D,평소 어울리는 친구들을 소개해보시오
KB국민카드,IT,"차세대 시스템 구축, 핀테크, 신사업 중 하나를 골라 자신의 역량으로 해결책을 제시해보아라."
금호타이어,화학엔지니어,"미래에 RE, OE 타이어 중 어떤걸 준비해야하는가?"
금호타이어,화학엔지니어,전공분야를 타이어에 접목시킨다면?
금호타이어,기계엔지니어,많은 인턴경험을 통해 느낀점은 무엇입니까
금호타이어,R&D,타이어에 들어가는 합성고무의 모노머가 무엇인가?
제로투세븐,IT/인터넷,관계형 데이터베이스란?
GS칼텍스,화학엔지니어,"본인은 여기 GS칼텍스에는 인턴으로 지원하셨고 다른 기업에는 공채로 지원하셨는데, 만약 둘 다 합격해도 여기 GS칼텍스에 오실 건가요?"
GS칼텍스,화학엔지니어,증류탑에서 환류비가 높아지면 분리효율이 좋아지지만 그렇다고 해서 무한정 환류비를 높일 수 없는데 그 이유는 무엇이라고 생각하나요?
GS칼텍스,엔지니어,특별히 흥미를 가졌던 전공분야는?
잡코리아유,개발팀,웹개발 경험 없이 안드로이드 개발과 같이 병행해서 웹개발 및 유지보수도 할 수 있는가?
농협생명보험,IT/인터넷,거리에 휴지통을 설치해야 할까요?
엘에스전선,제품개발설계,제품제작을 완성했는데 소재를 잘못 사용한 실수를 범했다면 어떻게 한건가요?
엘에스전선,R&D,두 도선의 전류가 반대로 흐르면 도선 사이 지점은 어떤 일이 일어나는지 영어로 대답해보세요
엘에스전선,R&D,한자 1급이 있는데 공부하는데 얼마나 걸렸으며 가장 인상 깊었던 사자성어 혹은 문장을 말해보고 그 한문은 누가 썼는지도 얘기해보세요
현대엠엔소프트,기계엔지니어,지원 직무 수행에 필요한 지식과 기술을 습득하기 위해 어떤 노력과 경험을 했나요?
현대엠엔소프트,네트워크엔지니어,엠엔소프트에 지원한 동기와 앞으로 하고 싶은 일에 대해 말해봐라.
현대엠엔소프트,IT/인터넷,본인의 회사에서 어떤 역할과 맞을 것 같은지 축구 표지션과 비유해서 말해보시오.
한국서부발전,기계엔지니어,카르노 사이클이 적용되기 힘든 이유는?
한국서부발전,기계엔지니어,운동을 한다했는데 운동을 하면서 대인관계능력을 키운 경험이 있나요?
한국서부발전,엔지니어링,혁신과 창의를 정의해보십시오.
케이티디에스,앱개발자,"개인의 MFE, AutoML 연구 성과 경력을 본 회사의 기술 발전에 어떻게 기여할 것인가?"
에치와이,앱개발자,한국야쿠르트 아는 브랜드는?
엘에스일렉트릭,연구개발,"연구개발 직무에 지원했지만, 설계 직무로 바뀌어도 상관없는가?"
엘에스일렉트릭,연구개발,지원자가 한 연구에서 어떤 software를 썼나?
두림야스카와,설계엔지니어,로봇 관련 두개이상의 키워드를 들어 회사를 설명하세요.
두림야스카와,설계엔지니어,"본인의 전공 또는 경력사항 중 지원하신 직무와 연결하여 구체적인 사례, 경험을 들려주세요."
우리에프아이에스,웹개발자,"지원자는 java가 주력이라고 했는데, 계정시스템의 경우 C언어를 사용하는데 본인이 입사 후에 이 업무를 맡게 된다면 어떨 것 같나요?"
우리에프아이에스,IT/인터넷,"개인정보, IoT, 3D 프린터, 핀테크 중 최대 3가지를 발표해보세요"
우리에프아이에스,IT/인터넷,폭포수 모델이란?
한국동서발전,기계엔지니어,4차산업혁명의 기술을 이용하여 화력발전의 개선방안을 토론하라
서울시설공단,설계엔지니어,비가 많이 내려서 펌프에 물이 넘쳐흘렀다. 그 때 무엇을 가장 중요하게 확인해야 하나요?
쿠팡,웹개발자,정렬을 구현 소스중에 특정 변수를 사용한 이유
쿠팡,S/W 개발,Big O notation으로 알고리즘의 성능을 측정하고 성능 향상을 위해서는 어느 부분을 개량해야 하는지 말해보아라.
쿠팡,S/W 개발,이력서를 중심으로 해서 자신이 진행했던 프로젝트에 대해서 화이트보드에 UML로 작성하고 이를 설명하시오.
한국가스공사,엔지니어링,인덕션으로 인한 가스 소비 감소에 대한 해결 방안은?
한국가스공사,연구개발,빌게이츠와 스티브 잡스 중 더 훌륭한 기업가는?
코리아타임스,교재개발·교수설계,코리아타임스가 지향해야할 교육이란 무엇일까요?
코리아타임스,교재개발·교수설계,코리아타임스에 입사하고서 본인이 기획하고 싶은 교육내용과 어떻게 설계를 할지 영어로 말해주세요.
예술의전당,사운드엔지니어,"방송을 위한 오케스트라 편성을 한다고 했을때, 마이크를 어떻게 셋팅할 건가요?"
예술의전당,사운드엔지니어,경력은 없지만 자격증이나 기타 지식은 있는 것 같은데 근무를 할때 발생하는 경력의 빈틈은 어떻게 메울 건가요?
현대오일뱅크,화학엔지니어,증류 공정의 생산물들은 실시간으로 정성 분석이 어려우므로 제대로 증류가 되는지 여부를 공정이 끝나기 전까지는 알기 힘든데 공정이 제대로 진행되고 있는지의 여부를 어떻게 알 수 있을까요?
현대오일뱅크,엔지니어>기계,영어로 주말에 어떤 활동을 하면 좋은지 추천해보세요
현대오일뱅크,엔지니어>기계,핀란드 교육시스템에 대해서 영어로 길게 얘기하고 요약해보세요
한국수력원자력,화학엔지니어,"MCNP / GEANT4에 대해, 각각의 장단점을 비교하고 짧게 설명해보세요."
한국수력원자력,화학엔지니어,본인의 학력이나 관심사를 보면 진학 기회가 분명 있었음에도 불구하고 왜 진학하지 않았습니까?
한국수력원자력,IT/인터넷,"유동인구, 사용시간, 근무외 시간 등을 활용하여 20층 건물의 엘리베이터를 운영하는 방법예 대해 말해보시오."
한국수력원자력,엔지니어링,혹시 지금 다섯 명 중에 누가 합격했으면 좋겠습니까?
신도리코,R&D,공학도로서 신도리코 연구개발 부서에 지원한 이유와 그것을 위해 준비해온 것은 무엇입니까?
신도리코,R&D,평소 주변 사람들에게 본인의 단점이 무엇이라고 들어왔습니까?
에듀윌,편집개발,"자신의 장점 두 가지를 꼽고, 각각 5점 만점에 점수를 준다면? 그 이유는?"
에듀윌,편집개발,직장 생활하면서 회사에게 바라는 것(제도 등)이 있다면? (정시퇴근 등 여러가지도 가능)
영풍전자,반도체엔지니어,전공이 이쪽이아닌데 화학에 관한 기초지식이 있는가?
영풍전자,개발,"2가지 있는 직무 중에서 하나의 직무를 선택하고, 지원자가 그 직무에 대해서 어떤 면에서 잘할 수 있는지 어필해보세요."
영풍전자,개발,"전공 공부 중 재밌게 하고 관심있게 공부했던 과목을 말하고, 그 과목에서 특히나 관심있던 부분을 설명해보세요."
엔테크서비스,앱개발자,라이브 코딩 문제
엔테크서비스,앱개발자,pre test3번은 왜 이렇게 풀었죠?
엔테크서비스,POI데이터 구축,NHN Technology Services 사이트의 복리후생 중 기억이 남는 것은 무엇인가요?
엔테크서비스,SW개발,본인이 이용해보면서 네이버 서비스의 개선점을 느낀 것이 있는가?
웹젠,네트워크엔지니어,왜 웹젠을 오고 싶어하는지?
넥슨네트웍스,IT엔지니어,"가장 재미있게 했었던 게임이나 혹은 최근에 플레이해 본 게임의 재미요소를 분석하고, 해당 게임의 문제점 도출과 해결방안을 제시한 후, 추천해주고 싶은 유저층에 대해 말해보시오."
넥슨네트웍스,IT엔지니어,멀티스레드 환경에서 문제되는 것들을 설명해봐라.
넥슨네트웍스,IT엔지니어,멀티쓰레딩 혹은 멀티프로세스를 할 때 스케쥴링 기법에 대해 설명하시오.
넥슨네트웍스,IT엔지니어,"뮤택스, 세마포어를 언급했는데, 둘의 차이점이 무엇인지 설명해봐라."
넥슨네트웍스,IT엔지니어,"준비해온 질문이 있을 텐데, 자문자답해봐라."
넥슨네트웍스,IT엔지니어,지금까지 어떤 걸 공부해왔는지 본인의 경험같은 걸 예로 들어 구체적으로 말해봐라
넥슨네트웍스,IT엔지니어,해쉬맵에서 인덱스가 문자열일 경우는?
대림산업,엔지니어링,새로운 것을 생각하고 그것을 활용한 경험(연구)은 무엇인지 말해보아라.
에이비비코리아,전기·전자엔지니어,회사를 어디서 다닐 생각인가요? 출퇴근시 자차가 있나요?
롯데IT테크,IT/인터넷,주력 언어와 본인 실력의 점수를 매긴다면 몇 점?
더존비즈온,시스템엔지니어,쿼리도 쓸줄 아는지? +팀 인원이 4명인데 그럼 DB 구축도 다했는지?
더존비즈온,D-CLOUD센터① 개발담당,진행했던 프로젝트 중 하나를 고르고 개발한 프로세스를 도식화해서 설명해주시기 바랍니다.
SK네트웍스서비스,통신엔지니어,B2B가 뭔지 아시는분(공통질문)
동희산업,기계엔지니어,자기소개(준비해온 것이 아닌 진심으로 자기에 대한 PR 부탁)를 해보세요.
아이센스,연구개발,"자신을 사물, 식물, 색깔 등으로 표현하시오"
대흥알앤티,설계엔지니어,친환경자동차에 대해 아는대로 말해보세요. 원리를 설명해보고 우리 회사가 또 앞으로 어떻게 해야 하는지?
콜마그룹,네트워크엔지니어,우유를 살 때 어떤 우유를 선택하는지?
콜마그룹,화학엔지니어,(2차) 왜 그 학교에 진학했는지? 군대는 왜 그리로 갔나요?
콜마그룹,패키지개발,해외에 갔다왔는데 자격증은 취득 하지 않은건가?
벽산,R&D·연구원,직접 다뤄본 분석장비(그 중 FT-IR)의 분석 원리에 대해 설명해보세요.
벽산,공정엔지니어,발전기의 동작이 잘 되지 않아 효율이 떨어지는 상황이라면 원인이 무엇이겠습니까?
한국항공우산업,연구개발,"갤럭시 노트7 사태가 만약에 언론에 잘못된 정보로 배터리가 터진 것이 보도가 된 상태였는데, 시험평가를 하고 난 후 새로운 원인을 발견했을 때 어떻게 할 것인가요?"
한국항공우산업,연구개발,자소서에 작성한 생활 신조가 어째서 KAI 선택과 부합한다고 생각하는가요?
한국항공우산업,연구개발,"피티발표에서 지원자의 역량이 잘 드러나지 않는 것 같은데, 지원자의 역량을 한번 설명해보세요."
도쿄일렉트론코리아,필드엔지니어,일본어 자기소개를 준비하신 지원자가 계십니까?
도쿄일렉트론코리아,반도체엔지니어,TEL이 다른 회사에 비해 장점으로 꼽을수있는 요소는?
도쿄일렉트론코리아,반도체엔지니어,희망 SITE는?
도쿄일렉트론코리아,반도체엔지니어,어머니를 보면 무슨 단어가 떠오르냐?
LG에너지솔루션,R&D·연구원,2차 전지 분야를 희망했다면 왜 공대로 진학하지 않고 자연대로 진학했나요?
GS리테일,IT,"분석 전문가가 되겠다고 했는데, 분석전문가는 미래가 밝다. 그 많은 곳 중에 굳이 GS리테일에 지원한 진짜 이유는 무엇인가? 생각해온 지원동기 말고 진짜 이유를 말해보라."
엔에이치엔커머스,백엔드개발자,"회사 기술 스택에 맞추어 단기간 내에 언어와 프레임워크를 학습해야 할 때, 어떻게 공부하고 해결할 것인가요?"
삼성에스디에스,소프트웨어품질직군,"어느정도 규모의 프로젝트에 참여하였는가, 경력중 대표경력은 무엇이고 어떤성과는 통하여 기여하였는가, 우리의 사업는 형태가 다른데 어떻게 그 갭을 극복할건가 등 압박질문들이 많았내요"
삼성에스디에스,소프트웨어개발(인문계),전체적으로 성적이 좋은데 이 과목은 왜 C 을 받았나요?
코오롱베니트,개발/운영 지원>시스템 개발 운영,코오롱베니트와 타 계열사의 협업을 통한 창의적 사업 아이템을 설명하고 세부적인 기술을 설명하시오.
코오롱베니트,개발/운영 지원>시스템 개발 운영,코오롱베니트의 핵심가치
코오롱베니트,개발/운영 지원>시스템 개발 운영,"프로젝트 경험(어떤 역할을 맡았는가, 무슨 일을 했는가)"
코오롱베니트,개발/운영 지원>시스템 개발 운영,"ICBM(IOT, Cloud, Bigdata, Mobile)의 개념 설명을 해보시오."
국도화학,화학엔지니어,자소서에 쓰인 이 프로그램 툴은 정확이 어떤거죠?
국도화학,화학엔지니어,BPA와 BPA epxoy resin에 대해 아는 것을 말하시오.
국도화학,연구개발,경질우레탄과 연질우레탄을 구별하는 법
유비쿼스,앱개발자,"나가기 전에 하고 싶은 말, 여기서 말 못하고 나가면 후회할 것 같은 이야기들 있잖아요. 한번 얘기해보세요."
유비쿼스,앱개발자,"졸업 작품으로 NODE JS를 선택했는데, 왜 이 방식을 채택했으며, 이 방식이 무엇인지, 그리고 장점과 단점에 대해 이야기해보세요."
유비쿼스,앱개발자,컴퓨터공학을 선택하게 된 계기와 전공을 공부하며 가장 뿌듯했던 때는 언제인지 얘기해보세요.
삼양식품,연구개발,지금 하얀라면에 대세인데 이것이 언제까지 갈 것 같은지? 앞으로 라면시장 판도는?
씨제이올리브네트웍스,앱개발자,"요즘 젊은 사람들이 야근에 대해 불만이 많죠. 옆에 지원자께서는 야근에 대한 불만이 있어도 참고 야근을 하겠다고 했는데, 지원자의 생각은 어떠한가요?"
씨제이올리브네트웍스,앱개발자,"CJ엔 많은 계열사가 있는데, 왜 굳이 올리브네트웍스를 선택했습니까? 영화를 즐겨본다던데, CGV가 더 낫지 않나요?"
SK,IT,"실력을 상,중,하로 평가한다면 무엇을 기준으로 해야한다고 생각하나요?"
SK,IT,"원래 활동적으로 사는 편인지, 혹은 본인이 관심있는 분야에 한해서 활동적인 편인지 얘기해보세요"
신한디에스,IT부문,베리타스 볼륨 메니저를 써본 적이 있는가?
한림제약,연구개발,전공과 직무를 포함한 자기소개 5분
외교부,R&D·연구원,FEALAC사무국에 알고 있는대로 얘기해 주세요.
이엔에프테크놀로지,화학엔지니어,본인의 연구분야 외에 다른연구를 맡는다면 잘 할 수 있을 건가요?
현대카드,AI/ML엔지니어,연구를 많이 수행했다고 적혀있는데 본인이 수행한 연구 중 가장 성과가 뛰어났던 것을 소개해주세요.
현대카드,AI/ML엔지니어,감염병 데이터 관련 연구를 하셨는데 코로나19 데이터를 실제로 다뤄본 적이 있나요?
현대카드,AI/ML엔지니어,"본인이 교육부장관이라고 가정했을 때, 현재 코로나 상황에서 초/중/고등학생 등교를 시킬 것인가? 말 것인가?"
현대카드,웹개발자,알고리즘 문제
삼성전자서비스,전기·전자엔지니어,공진회로란 무엇인가? 주파수라는 것이 정확하게 무엇인가? IoT를 우리의 서비스에 접목시킨다면 어떤 프로세스가 생길 것인가?
삼성전자서비스,엔지니어,다른자격증도 많고 다른쪽으로경력도 많은데 이분야를 지원한 동기는 무엇인가?
유한킴벌리,연구개발,석사 논문 주제 및 내용
한국지능정보사회진흥원,AI/ML엔지니어,만약 직장상사가 퇴근시간이 다 돼서야 매번 일을 맡깁니다. 그 일은 2시간 정도 소요됩니다. 본인은 직장생활의 워라벨을 중요시 해 퇴근 후의 일도 중요합니다. 어떻게 대처하시겠습니까?
한국지능정보사회진흥원,AI/ML엔지니어,한국정보화진흥원은 최근 사업중 사회에 미치는 영향에 대해 어떻게 생각하는지? 그리고 다른 사업을 추천한다면 어떤 사업을 추천하겠습니까?
한국지능정보사회진흥원,AI/ML엔지니어,이 일을 하면서 여러 협력업체와 의견 대립이 있을 때가 많은데 그럴때마다 지원자는 서로 대치된 의견의 두 집단의 의견차이를 어떻게 극복하겠는가?
호텔신라,IT·기술영업,왜 IT기업이 아니라 우리회사인가요?
제일모직,연구개발,산업체와 일반가정간에 전기세 차등인상 관련하여 찬반토론하라.
슈어소프트테크,앱개발자,제일 기억에 남는 프로젝트를 설명해달라
에이치알에스코리아,연구개발,노동자에게 친화적인 생산 기계를 만드려면 직접 써봐야 할텐데 생산직으로 3년동안 입사하라면 할 수 있습니까?
아시아나IDT,시스템 개발 및 운영,직장 상사가 윤리적으로 부당한 업무를 시켰다. 그런데 이 업무가 회사의 이익에 도움이 되는 업무이다. 자네라면 어떻게 대체할 것인가?
아시아나IDT,SI개발,자신에게 주어지지 않았음에도 새로운 도전을 위해 자발적으로 무언가를 배운 적이 있는가?
아시아나IDT,IT,왜 하필 3d산업이라고 일컫는 IT서비스 산업에 지원하려 하는가?
KDB산업은행,앱개발자,인턴으로 근무하면서 상사가 프로젝트에 참여시키지 않고 잡일만 시킨다면?
KDB산업은행,IT,서류통과한 회사를 다 말하시오
KDB산업은행,IT,"자신이 리더라고 생각합니까, 팔로워라고 생각합니까?"
KDB산업은행,IT,취중감형에 대해 찬반을 논하시오
한화솔루션,화학엔지니어,"OOOO에서 인턴을 하셨고 그게 전환형이라고 하셨는데 본인께서는 안 되셨다고 하셨는데, 채용전환형 인턴에서 떨어졌다는 것은 회사 입장에서 전환될 사람을 고르는 게 아니라 떨어뜨리는 쪽으로 봤다고 할 수 있을 것 같은데 이에 대해서 어떻게 생각하시나요?"
농협경제지,AI/ML엔지니어,농협경제지주에 입사하여 빅데이터를 어떻게 수집하고 활용할건가요?
SK네트웍스,IT-인터넷,"창업대회 참여경력이 있던데, 나중에 창업할 생각이 있습니까? 아니라면 왜 아닌지 설득해 보시오."
KDB생명보험,시스템엔지니어,KDB생명 상품 중에서 4차 산업혁명 기술을 활용한 사례를 알고 있나요?
현대엘리베이터,전기·전자엔지니어,엘리베이터의 전망은 어떤식으로 될것같은지?
애경산업,연구개발>제품 연구개발,자신이 한 연구를 어떻게 애경산업의 연구개발 직무에 연결시켜 활용할 것인가?
OCI홀딩스,엔지니어,진공펌프에서 압력이 10bar 일때 생길 수 있는 문제와 그 문제를 해결하는 방법을 말해보아라.
OCI홀딩스,엔지니어,기존에 있는 배관 지지대 옆에 보로 해서 배관을 추가하려 하는데 이런 설계를 할 때 고려할 사항에 대해 발표하여라.
CJ제일제당,R&D,앞선 질문 내용에서 제대로 답하지 못하였거나 추가적으로 말하고 싶은 것이 있는가?
SK하이닉스,반도체엔지니어,"장점으로 문제해결력, 소통 얘기하셨는데 구체적인 사례는?"
SK하이닉스,반도체엔지니어,"직무면접에서 잘 아셔서 심화적으로 질문해봤는데, 공부는 어떻게 한 건가요?"
SK하이닉스,반도체엔지니어,DRAM과 NAND flesh 차이는?
SK하이닉스,전기·전자엔지니어,입사해서도 자격증 공부 할 것 인가?
SK하이닉스,반도체엔지니어,본인이 자부심을 느끼고 있는 것이 무엇인가?(자소서에 자부심이라는 단어가 있어서 보고 질문함)
SK하이닉스,반도체엔지니어,"반도체 쇼트현상이 발생한 이유는,해결방안은,사이드이펙트는?"
SK하이닉스,반도체엔지니어,학점이 좋지못한이유 - 복학후에도 성적이 좋지않은데?
SK하이닉스,반도체엔지니어,미군문화교류프로그램은 뭐하는건가?
SK하이닉스,IT/인터넷,C언어가 컴파일되어 실행되는 과정을 설명하라
한국데이터진흥원,앱개발자,데이터 수여기관과 데이터 공급기관이 서로 싸울 때 어떻게 하겠나요?
GSE&R,화학엔지니어,발전소 Trip Signal 종류는?
하나금융티아이,시스템엔지니어,지원자분은 특허에 관련된 공모전 수상경력이 있는데 설명해주시겠어요?
한글과컴퓨터,IT·기술영업,model 2 패턴이란?
한글과컴퓨터,IT·기술영업,"담당을 하게된다면 한글,한쇼,한셀중에 무엇을 하고싶나요?"
한글과컴퓨터,IT/인터넷,자바에서 오버로드(Overload)와 오버라이딩(Overriding)의 차이점은 무엇입니까?
한글과컴퓨터,IT/인터넷,pre-test에서 자바 Swing을 이용해 프로그래밍했는데 오버라이딩 한 메소드가 어떤 역할을 하는지 아십니까?
한솔케미칼,화학엔지니어,Polyimide 합성 방법을 알고 있나요? 대표적인 방법과 함께 설명해 보세요.
한국방송광고진흥공사,소프트웨어개발자,"이때까지 한 프로그래밍 언어들에 대해서 설명해주시고, 왜 그 언어를 선택하였나요?"
한국방송광고진흥공사,소프트웨어개발자,"빅데이터를 위해서 파이썬을 공부하셨다고 했는데, 자소서에는 블록체인을 쓰셨네요?"
현대오트론,반도체엔지니어,"현대오트론과 해당 부문에 지원한 이유, 그리고 현대오트론과 함께 이루고 싶은 목표는 무엇인가요?"
게임빌,게임개발자,C#과 C++의 다른점 및 각각을 사용하는 이유는?
휴머스원,AI/ML엔지니어,취미가 독특한데 무슨의미인가?
서울메트로,전기·전자엔지니어,지원자가 가장 중요시하는것은?(내가 이것만큼은 지킬수있다) - 자신의 경험에 빗대어 말해보세요.
롯데에너지머티리얼즈,R&D,먼저 자기소개해보세요. / 우리팀이 뭐 연구하는 곳인지 알고는 있나? 아는대로 말해보라
컴투스,IT-인터넷,실제 자신과 아는 사람들 중에 롤모델로 삼은 사람이 있는가?
컴투스,IT-인터넷,필기 테스트 문제에서 틀린 부분에 대해 다시 생각하고 공부해 왔는가?
한화S&C,앱개발자,(수상경력보시곤) 왜 이 상을 받을 수 있었던거 같나요?
한화S&C,웹개발자,"한화 핵심 가치 3개(정도, 헌신, 도전)에 대해 각각 스스로 정의하고, 어느 가치가 본인에게 적합한지, 그 이유는 무엇인지 사례를 들어 설명"
한화S&C,웹개발자,"4차 산업 혁명 중 무엇이 중요한지, 그것을 위해 본인은 무엇을 했는지 설명(경험, 학습 등..?)"
지마켓,개발(SW Engineer),(PT내용 발표 후) 실제로 음성인식과 관련된 프로젝트를 개발해 본 적이 있는가?
지마켓,개발(SW Engineer),고객에게 더 안전한 서비스를 제공하기 위한 보안서비스는 어떤 것이 있는지 제안하시오.
지마켓,개발(SW Engineer),"이베이코리아의 보안 위협은 어떤 것이 있는지, 그리고 이를 해결하기 위한 방안을 제안하시오."
지마켓,개발(SW Engineer),현재 간편결제 시장현황에 대해 분석하고 본인이 생각하는 아이디어 모델을 제안하시오.
현대정보기술,IT/인터넷,아는 선배의 부정행위를 목격한다면?
한국토요타자동차,IT,다시 대학으로 돌아간다면 무슨 전공을 하겠는가?
한국토요타자동차,IT,"일본 토요타 말고, 한국 토요타가 뭘 하고 있는지 아는가?"
한국토요타자동차,IT,"전공에 대한 지식이 있는가? 네트워크, DB, 소프트웨어공학 등 관련 지식으로 내세울 수 있는 것이 있는가?"
한국토요타자동차,IT,Effective Communication에 대해서 어떻게 생각하는가?
SK바이오팜,연구개발,석사만 취득 후 취업하려는 이유를 말해주세요.
SK바이오팜,연구개발,SK바이오팜이 하는 일 중에 관심있는 분야가 있나요?
위메프,시스템엔지니어,"다이나믹 프로그래밍, 백트래킹 알고리즘을 알고 있습니까?"
삼성이앤에이,화학엔지니어,가장 자신있는 과목-열전달/ 총괄열전달계수에 대해 설명하시오.
삼성이앤에이,시공엔지니어,시공엔지니어를 지원하셨는데 그것은 입사 후 바뀌지 않고 퇴사할때까지 계속되는데 괜찮은가요?
삼성이앤에이,시공엔지니어,해외에서 근무를 하게 된다면 가족과 떨어져 살게 될텐데 그것에 대한 생각은 어떤지?
한국전력기술,기계엔지니어,WHAT IS YOUR HOBBY?
한국중부발전,엔지니어링,공사현장에서의 문제점이 발생했을 때의 대처 사항을 요약해서 5분여간 PT 발표하라.
한국중부발전,엔지니어링,발전소에 생길 수 있는 문제점을 전공과 연계하여 어떤 부분을 보완해야 하는지 토론하라.
재한국원자력연구원,화학엔지니어,학점이 좋지는 않네요?
우리은행,소프트웨어개발자,IT 전공자들에 비해 실력이 부족할 수도 있는데 어떻게 극복할건지?
우리은행,소프트웨어개발자,우리은행 IT의 경우 실제 개발은 우리FIS에서 진행하고 입행하면 개발 업무는 안할수도 있는데 괜찮은지?
엔씨아이티에스,네트워크엔지니어,RAID를 알고있는가? 0과 1 그리고 1+0은 뭘까?
엔씨아이티에스,네트워크엔지니어,골든벨 몇번에서 탈락?
라인플러스,IT/인터넷,브라우저에서 주소를 요청해서 결과를 받을 때까지의 과정을 설명해보십시오.
라인플러스,IT/인터넷,9개의 공들 중에 무게가 가벼운 공 하나를 찾는데 최소한의 횟수는?
라인플러스,모바일 앱 개발,"앱을 죽이면, 그것의 브로드캐스트 리시버는 계속 작동하는가?"
라인플러스,라인 게임서버 개발,어떤 때에 Java에서 생성자를 Private로 설정하는가?
동아쏘시오홀딩스,개발부,본인보다 어린 상사도 많을텐데.. 괜찮은가?
멀티캠퍼스,IT/인터넷,Sever는 어떠한 것을 써봤습니까?
CJ파워캐스트,IT/인터넷,방송 송출전문 매체로 알고 온 것인가요?
코오롱,정보통신.IT,본인의 학교 취업률 및 컴퓨터소프트웨어학과의 취업률은 어떤가요?
한화에너지,화학엔지니어,교육사항들 중에 플랜트 직업 교육을 이수하면서 배운 것은?
에스트라오토모티브시스템,시스템엔지니어,학부시절 가장 자신있었고 관심있었던 전공 과목과 이유는? (개인질문)
에스트라오토모티브시스템,시스템엔지니어,영어로 자기소개를 해보시오. (타 지원자에게 주어진 질문이었지만 추가로 해보고 싶은 사람에게 기회를 주었습니다.)
텍사스인스트루먼트코리아,IT·기술영업,트랜지스터란?
한국공항공사,엔지니어링,"적자 공항이 많은데, 이를 민간에 개방해야 할까요?"
엔아이티서비스,IT·기술영업,경력쌓을 때 했던 업무는?
엔아이티서비스,웹개발자,사용가능한 언어가 굉장히 많은데 이유는?
미래컴퍼니,반도체엔지니어,"기사, 한국사를 같은 달에 따셨네요?"
일진글로벌홀딩스,기계엔지니어,혹시 담배는 피는가? 계속 안필건가?
일진글로벌홀딩스,R&D>시험 직무,"지구 지름이 R이라고 할 때, 공전 속도 계산하기"
네오위즈,클라이언트 프로그래머,C 가상테이블은 메모리상에 동적 으로 할당이되는가요? 아니면 정적으로? 그렇다면 이유는?
동부철구,네트워크엔지니어,야근을 자주할 텐데 힘들지 않을지?
디비아이엔씨,소프트웨어개발자,발표해주신 내용보면 보안도 중요한 요소일거 같은데 어떤 식으로 적용할건가요?
현대제철식회사,설비엔지니어,OO지역은 지방인데 오래 근무할 자신이 있나요? (임원면접)
현대제철식회사,설비엔지니어,"유체공부를 열심히 하신 것 같은데, Reynolds number에 대해서 설명할 수 있나요? (직무PT면접)"
현대제철식회사,R&D(연구개발),개인적으로 자기계발을 위해 어떤 목표를 세우고 실천하여 성과를 냈습니까?
현대제철식회사,R&D,팀 프로젝트나 협동활동 시 자신의 한계를 넘어서 노력한 경험은?
현대그린푸드,개발(SI/SM),모바일을 개발해도 플랫폼에 따라 사용하지 못하는 경우가 많은데 어떻게 해결하면 좋을까요?
한국투자증권,웹개발자,경영과 컴퓨터 공학을 복수전공한 계기는?
한국투자증권,시스템엔지니어,"삼성전자와 같은 디바이스 시스템 개발 회사와 SK C&C같은 SI 회사와 한국투자증권과 같은 자체적 시스템 개발 회사가 있는데, 왜 한국투자증권을 지원하였는가?"
BGF리테일,웹개발자,SQLD나 OCP 같이 DB쪽 자격증을 가지고 있는 데 입사하면 개발을 하고 싶은 건가요?
동진쎄미켐,연구개발,회사에서 일을 해나가면서 본인이 이루고자 하는 방향이 있는지 그리고 있다면 그것이 무엇인가 말해보아라.
기초과학연구원,연구개발,"Explain about yourself. We want to know about you not from this paper, but from you. Please tell us about yourself."
서울반도체,R&D,대학원 동안 했던 연구를 요약 발표하라.
서울반도체,R&D,"지원하기 전 서울반도체의 이미지는 어땠는가? 긍정적이었는가, 부정적이었는가?"
서울반도체,R&D,학교에서 개발 업무 프로젝트 진행하는 데 어려움이 있었는가? 어려움이 있었다면 어떻게 해결했는가?
한솔인티큐브,앱개발자,실무면접: (이력서에 기재되어있는 취미와 특기를 보며) 해당 취미를 시작한지 얼마나 되었는지?
한솔인티큐브,앱개발자,인성면접: 본인의 장점
한솔인티큐브,IT/인터넷,직무에 지원하는 이유가 무엇인가? 합격하면 어디로 가고 싶으며 왜 가고 싶나?
오텍캐리어,연구개발,"열역학은 총 몇개의 법칙이 존재하는지, 그리고 그 중에서 제일 자신있는 법칙을 설명하세요."
오텍캐리어,연구개발,친화력이 있다고 PR 했는데 그럼 친구가 많을 것으로 보입니다. 많은 친구들을 상대로 관계 유지를 어떻게 하나요?
오텍캐리어,연구개발,UG NX 소프트웨어에서 두 물체를 결합하는 중요한 구속조건이 무엇인지 설명하세요.
카페24,프로그래머,인생에서 잘했다고 생각하는 일과 후회되는 일을 각각 말해보라
사보험개발원,기계엔지니어,통계 관련 프로그램 언어를 다뤄본 적이 있는지 (임원진 면접)
사보험개발원,기계엔지니어,비정규직 정규직 전환에 대한 생각 (토론 면접)
라이온코리아,화학엔지니어,학부생인데 연구분석업무 수행이 가능하겠는가
라이온코리아,화학엔지니어,CJ라이온에 IT기술을 적용시킬 좋은 방안은 무엇인가
세원이앤씨,화학엔지니어,환경관리 업무 경험 없는데 어떻게 할 생각인가? 구상은 한 번 해봤나?
한화에어로스페이스,연구개발직,"데이터베이스, 네트워크, 알고리즘, 프로그래밍 개발 능력이 어떻게 되는가?"
한화에어로스페이스,연구개발 SW,"논문을 많이 썼는데, 다른 석사들도 논문을 이렇게 많이 작성하는가?"
한화에어로스페이스,연구개발 SW,연구한 분야를 한화테크윈에서 어떻게 사용할 수 있을 것 같은가? 어떻게 시너지를 창출할 수 있을 것인가?
한화에어로스페이스,연구개발,1도의 경사가 있는 언덕을 장갑차가 올라갈 때 필요한 구동력과 이에 따른 엔진 파워가 얼마인가?
한화에어로스페이스,연구개발,술이나 정크푸드에 세금을 더 부과하면 식습관이 바뀔까?
한화에어로스페이스,연구개발,자동차 엔진의 진동을 절감하기 위하여 고무 마운트를 설계하라
한화에어로스페이스,연구개발,엔진분야 연구개발 지원했는데 그 중 가장 자신있는 파트가 있다면 무엇인가?
한화에어로스페이스,연구개발,해외석사과정을 했는데 친구들이 많은가?
인지컨트롤스,R&D,대학 때 프로젝트로 어떤 프로젝트를 맡아서 수행하였는가? 구체적으로 그 프로젝트에서 어떤 위치에서 어떤 역할을 맡아 연구를 수행했는지 설명해보시오.
무림페이퍼,생산관리 R&D,"적극성이 인성검사에서 높게 나왔는데, 성장과정에서 적극적이지 못했던 사례는?"
무림페이퍼,생산관리 R&D,"해외대학에 방학 동안 가있었는데, 가서 뭘 하고 뭘 배웠는지?"
LT메탈,화학엔지니어,희성금속을 아는가
LT메탈,화학엔지니어,바람직한 연구원의 자질
LT메탈,연구개발,와이어의 전기 전도성을 늘리기 위한 개선책을 합금첨가와 공정변경중 선택하여 이유와 함께 제시해보세요
세방여행,R&D부문>품질관리,"상급자가 오늘 5시까지 업무를 보고하라고 했으나, 후임이 업무처리에 미숙해 그 시간 안에 끝낼 수 없다고 가정하자. 이때 본인은 제 시간에 끝낼 수 있다고 할 때, 어떻게 행동할"
라이나생명보험,IT-인턴,라이나생명이 앞으로 어떻게 고객만족을 시킬것인가
씨티알,기계엔지니어,"여러군데 기업을 지원을 한 거 같은데, 왜 떨어졌나? 스펙이 부족한가?"
엔에이치엔케이씨피,앱개발자,java arraylist와 linkedlist차이점
엔에이치엔케이씨피,앱개발자,어떻게 IT쪽으로 진로를 정하게 되었는지
천재교육사,웹개발자,그 외에 경험사항이나 이력에 대한 질문
네이트커뮤니케이션즈,IT/인터넷,"자신이 한 프로젝트레 관해서 업계관련 지식이 있는지 확인, 면접관에게 물어볼 것은?"
한솔교육,연구개발>,"어떤 매체를 이용한 교육을 기획할 것인지에 관해 말해보아라.(선택지: 완전히 스마트 기기를 사용한 교육을 한다, 스마트 기기와 오프라인 교재를 모두 활용하는 교육을 한다, 그냥 오"
한솔교육,연구개발>,유아를 위한 독서교육프로그램을 기획해서 발표하라
SK플래닛,앱개발자,"프로젝트에서 비콘을 사용했는데, 비콘의 위치 측정 정확도가 얼마나 된다고 생각하나요?"
성엔지니어링,연구개발,반도체산업에 유관되게 준비했던 과정과 열역학 법칙을 아는데로 말해보라
한화,연구개발,(기계)독특한 취미를 가졌는데 얼마나 했습니까??
한화,연구개발,(무역)그룹을 이루어서 열정적으로 일한 경험을 말해보세요
현대트랜시스,기계엔지니어,"본인이 품질책임자인데, 스펙이 약간 모자라게 제품이 생산되었다. 품질을 다시 맞추려면 고객사의 요구일정을 맞출 수 없고 수수료를 내야한다. 어떻게 행동하겠는가?"
현대트랜시스,기계엔지니어,"침탄 열처리는 무엇이며, 어떤 강에 침탄 처리를 하는가?"
현대트랜시스,R&D>시트,시트 R&D보다 PT R&D에서 역량을 더 잘 발휘할 것 같습니다만?
현대트랜시스,기계엔지니어,특허를 내는 과정과 다이모스의 특허에 대해서 아는가?
도로교통공단,IT전산,도로교통공단의 가장 큰 고객은 누구이며 그 고객들의 민원을 해결하는 방법은 무엇일까요?
엘지전자,소프트웨어개발자,차량 네트워크 통신 관련 보안 이슈 연계. 통신관련 구현을 한 경험있는가? 그리고 보안 이슈가 있었는지?
엘지전자,소프트웨어개발자,프로젝트를 진행할 때 간트 차트를 사용하였다고 적혀있는데 이를 어떻게 사용했고 어떤 효과가 있었는가?
엘지전자,전기·전자엔지니어,[1차 면접] 생산기술원에서 하는 일을 굉장히 잘 알고 있는 것 같은데 혹시 아는 사람이 있나요?
엘지전자,기계엔지니어,지기 싫어하는 성격인것 같은데 경쟁에서 져본적이 있는지 그 때 배운점이 있다면?
엘지전자,기계엔지니어,(영어) 영화 어벤져스에서 캡틴아메리카와 아이언맨이 싸우는데 너는 어느팀을 선택 하겠는가?
엘지전자,기계엔지니어,큰 외력이 어떤 확률로 일어난다고 했을때 그냥 그 외력을 보완할 수 있게 설계하면 안되나?
엘지전자,반도체엔지니어,"열전소자를 활용한 냉각기 아이디어를 냈는데, 이를 에어컨에 적용하면 에어컨의 어떤 부품이 사라지게 되는가?"
엘지전자,앱개발자,프로젝트 경험 중에서 스마트자전거 군집 자율 주행 프로젝트를 하셨는데 이 프로젝트에서 원리가 뭔가요?
엘지전자,R&D(연구개발),"열역학에서 밀폐계가 있다, 그안에 냉장고가 있는데, 냉장고의 문을 열어두고 충분한 시간을 두면은 밀폐계의 온도는 어떻게 되는가?"
엘지전자,R&D(연구개발),"프로젝트를 많이 했는데, 대부분 팀장이다. 프로젝트에서 어떤 팀장 역할을 했는가?"
엘지전자,R&D,ALD에서 THROUGHFOOT을 높이기 위한 방법은 무엇인가?
엘지전자,H&A사업본부>R&D>기구,"TOEIC 성적에 비해 TOEIC 스피킹의 성적이 낮은데, 왜 그런가?"
엘지전자,R&D(연구개발),수행했던 프로젝트를 이용하여 MC 사업부에 기여 가능한 부분은 무엇입니까?
엘지전자,R&D(연구개발),창원 LG전자는 힘들기로 유명합니다. 힘들어도 잘 근무할 수 있겠습니까?
엘지전자,기계엔지니어,"자바 조교를 했다고 써있는데, 자바는 잘하는가? 하면서 어려움은 없었는가? 가베지 컬렉션에 대해 설명해봐라."
엘지전자,R&D(연구개발),"친한 친구는 몇 명이며, 친한 친구와 그렇지 않은 친구를 구분하는 기준은 무엇인가요?"
엘지전자,R&D(연구개발),토익점수와 토익스피킹점수가 있는데 회화능력을 '하'로 표시한 이유는 무엇인가요?
엘지전자,연구개발,"흥부와 놀부가 있다고 가정할 때, 당신이라면 누구를 뽑겠나요?"
엘지전자,R&D(연구개발),석사라고 하면 시뮬레이션과 실험을 같이 해서 분석을 해야 하는 것 아닌가요? 왜 실험밖에 없는지 말해줄 수 있나요?
엘지전자,R&D(연구개발),SI단위는 7개가 있습니다. 모두 말해보세요.
여천NCC,설비엔지니어,본인이 수행하셨던 AI프로젝트 설명해보세요. (직무면접)
진학사,전기·전자엔지니어,만약 N사에서 지원자가 지금 받는 연봉보다 2~3배 더 준다면 갈 것인가?
넥슨코리아,웹개발자,db procedure에 대해 아나요?
넥슨코리아,웹개발자,사용한 dbms는?
넥슨코리아,IT-인터넷,IOCP의 쓰레드 선택법은?
넥슨코리아,IT-인터넷,알고리즘 문제 손코딩하고 시간복잡도를 계산해보아라
식회사다스,기계엔지니어,"가장 친한 교수님이 있다면, 그리고 그 교수님이 지원자의 단점을 지적한다면 뭐가 있겠습니까?"
포스코DX,엔지니어링,연맹 예산이 초과된 상황에서 협회별로 합의를 이끌어보세요
포스코DX,엔지니어링,포스코 ICT에서 ict를 포스코 방식으로 해석한다면?
포스코DX,네트워크엔지니어,존경하거나 비판하고 싶은 역사 속 인물이 있으면 자유롭게 얘기해봐라.
포스코DX,IT/인터넷,가장 효율적인 알고리즘과 비효율적인 알고리즘은?
포스코DX,IT설계,"주제: 현재 우리 기업은 교육시스템을 개발하려고 한다. 하지만 전체를 개발을 하기엔 부담스러워 아웃소싱을 하려한다. 6개의 기업이 있으니 장점, 단점을 분석한뒤 하나씩 선택하여 팀원들을 설득하고 한 기업을 최종적으로 정하시오."
계양전기,전장개발,입사 한달만에 퇴사한 직원이 있다면 퇴사 이유가 무엇일지 추론해보세요
굿네이버스인터내셔날,국제구호개발,국제협력사업 중 굿네이버스가 가지는 한국 NGO로서 장점과 단점을 말하고 단점의 해결책을 말해보세요
굿네이버스인터내셔날,국제구호개발,아동보호전문기관의 전문상담원은 3년이 지나면 소진현상이 오는데 구체적 해결방안은 무엇일까요?
교보문고,IT/인터넷,본인이 취득한 자격증과 관련된 능력을 교보문고에서 어떤 점에 적용해 볼 수 있을까요?
현대파워텍,연구개발,3개월 이상 했던 팀프로젝트에 대해 본인의 역할을 말하고 프로젝트 중 문제 상황을 해결했던 경험을 말해보세요
한솔홀딩스,연구개발,"동아리 경험에서의 역할은 무엇이었으며, 문제가 생긴 적은 없었는가? 문제가 생겼다면, 왜 그런 문제가 생겼다고 생각하는가?"
참엔지니어링,CS(FPD장비 CS엔지니어),CS엔지니어와 설비엔지니어와의 차이는 무엇이라고 생각하는가?
참엔지니어링,개발,상사에게 혼나고 있는 당신이 상사에게 대든다면 무슨 상황이겠는가?
참엔지니어링,CS 엔지니어,"CS엔지니어는 출장이 잦으며 야간 근무도 불가피한데, 가족과 중요한 약속이 있다면 어느 쪽을 우선시하겠는가?"
금성백조택,엔지니어링,레미콘 / NATM 공법이란?
엘에스,화학엔지니어,"준비하지 않은 지원동기를 말씀해주시고, 우리회사를 처음 알게된 경로는 무엇인가요?"
대한항공,전기·전자엔지니어,체크리스트를 상세화 하면 간단한 체크리스트를 지키기 더 쉬울지 상세한 체크리스트를 지키기 더 쉬울지 말해봐라
대한항공,전기·전자엔지니어,결함부위 점검을 드론으로 했을 때 문제점을 없는지
대한항공,전기·전자엔지니어,3D 프린터를 활용한 항공기 부품의 품질적인 측면에서의 문제는 어떻게 해결하면 좋겠나?
엔디에스,프로그램 개발,고등학교 때 장래희망이 수학교사였는데 수학이 왜 좋았는지?
엔디에스,프로그램 개발,돌발질문 - 회식자리에서 바로윗 선임과 상사간에 말다툼이 벌어진다면?
엔디에스,프로그램 개발,총 몇군데 이력서를 넣었는지?
코스포영남파워,엔지니어링,배출권거래제란?
코스포영남파워,엔지니어링,신재생에너지와 RPS제도란?
농협정보시스템,전산개발,"농협이 핀테크를 다른 은행보다 먼저 도입 시행 중에 있는데 핀테크에서 무엇이 중요하며, 미래모습은 어떠한가?"
서강대학교,IT/인터넷,"왜 이직하냐, 그 전 회사에서는 뭐가 별로였냐?"
르노코리아,R&D본부>,친환경 자동차에 발표해보아라
현대아이에이치엘,외주개발,협력사 선정 평가시 우선적으로 고려해야할 사항은 무엇인지 말해?맑셀?
이수건설,엔지니어링,"연봉이나 복리후생을 다른 회사와 비교했을 때 상대적 박탈감을 느낀다면, 그 해결책은 무엇이 있을까요?"
이수건설,엔지니어링,콘크리트와 혼화재 종류 및 여름에 사용하는 혼화재는 어떤것이 있습니까?
섹타나인,IT/인터넷,개발가능한 프로그램(TOOL)은?
